Region,County,SubCounty,Soil_Quality,Avg_Rainfall_mm,Avg_Temperature_C,Altitude_meters,Fertilizer_Usage_kg_per_acre,Fertilizer_Type,Seed_Type,Farming_Method,Pest_Attack_Level,Prev_Season_Yield,Farming_Experience_Years,Planting_Season,Year,Current_Yield_tonnes_per_hectare
Rift Valley,Nakuru,Nakuru Sub-East,2,649.6714153011233,22.72347139765763,2130,57.10791250617235,Mixed,GMO,Manual,Low,3.1842250616328776,26,Short Rains,2022,7.0
Eastern,Kitui,Kitui Sub-North,4,701.0515284806527,21.83824373195297,1276,42.122452892327786,Mixed,GMO,Mechanized,Low,3.2311890601730084,29,Long Rains,2023,7.0
Eastern,Embu,Embu Sub-South,3,427.5082167486967,21.875424941518055,2082,42.02273884672658,Inorganic,GMO,Mechanized,None,2.441262249114325,28,Short Rains,2021,7.0
Western,Busia,Busia Sub-West,2,386.0379343923761,21.7410500781515,2267,58.96580700368912,Inorganic,Indigenous,Mechanized,None,2.2278086377374087,19,Long Rains,2021,7.0
Eastern,Embu,Embu Sub-East,2,547.4877148869991,26.825542542718413,2297,40.996192248411326,Mixed,Hybrid,Manual,None,2.9737199105233194,21,Long Rains,2023,7.0
Central,Murang'a,Murang'a Sub-North,3,522.1617992909106,24.897685715438033,1775,73.71275879058538,Organic,GMO,Mechanized,Severe,2.9112724560515946,2,Long Rains,2021,7.0
Rift Valley,Uasin Gishu,Uasin Gishu Sub-South,1,462.2060696177517,22.293766695985862,1702,47.35571507111362,Inorganic,Indigenous,Mechanized,Low,3.100446385974764,10,Short Rains,2021,7.0
Eastern,Embu,Embu Sub-South,4,688.1761038948611,20.981829314269785,1337,26.25058679694669,Mixed,GMO,Manual,None,3.6703731670515234,25,Short Rains,2022,7.0
Central,Nyeri,Nyeri Sub-North,1,634.3618289568461,19.47391968927453,2064,37.34870114961073,Organic,Hybrid,Mechanized,None,2.2433372973014167,25,Long Rains,2021,7.0
Coast,Mombasa,Mombasa Sub-North,5,688.7748459593357,24.788664660217524,1230,61.32496695867104,Inorganic,GMO,Manual,Moderate,2.8311422568095312,9,Short Rains,2023,7.0
Central,Murang'a,Murang'a Sub-East,1,449.1846710452517,25.19929395156964,2071,72.03411928148589,Mixed,GMO,Mechanized,Low,1.9380508327299817,5,Long Rains,2022,7.0
Nyanza,Siaya,Siaya Sub-West,3,735.6240028570824,22.855979756839332,1612,65.05299346838036,Inorganic,Hybrid,Mechanized,Low,2.033118579543975,14,Short Rains,2023,7.0
Central,Murang'a,Murang'a Sub-South,4,937.2296253626673,21.15921838986525,2038,47.74199212610326,Mixed,Indigenous,Mechanized,Severe,2.0172211640525126,19,Short Rains,2023,7.0
Central,Nyeri,Nyeri Sub-South,5,570.0992649534132,23.183521553071003,1484,20.186466280986608,Organic,Hybrid,Mechanized,Moderate,2.2327917731632474,11,Long Rains,2022,7.0
Coast,Kilifi,Kilifi Sub-South,5,762.2920499341374,24.647466153950283,1577,27.995481722307108,Organic,GMO,Mechanized,None,2.9463147357530812,21,Long Rains,2021,7.0
Central,Kiambu,Kiambu Sub-South,4,631.4512895863172,25.74372426709955,2371,52.63329940932249,Mixed,Indigenous,Manual,Severe,2.8620416257629384,1,Short Rains,2021,7.0
Rift Valley,Uasin Gishu,Uasin Gishu Sub-East,4,560.7891846867842,20.072970103735763,1627,29.759150401504865,Inorganic,Hybrid,Mechanized,Severe,1.990463607315965,6,Short Rains,2023,7.0
Central,Murang'a,Murang'a Sub-North,3,634.5517943888766,22.208967096839412,1683,45.66294715295087,Mixed,Hybrid,Mechanized,None,2.1669696898847857,24,Long Rains,2021,7.0
Western,Bungoma,Bungoma Sub-North,1,505.6943191532738,25.807917477318586,1441,21.21843177051438,Organic,Hybrid,Manual,None,2.4867430622753917,17,Short Rains,2021,7.0
Nyanza,Kisumu,Kisumu Sub-West,3,634.4902335044728,22.83982532929502,1384,46.37929802533681,Mixed,Hybrid,Manual,Severe,2.2126453961933,12,Short Rains,2023,7.0
Central,Kiambu,Kiambu Sub-North,4,796.5034763925464,19.120177562793515,1246,67.14234221772531,Organic,GMO,Mechanized,None,2.875966516343387,27,Long Rains,2022,7.0
Central,Nyeri,Nyeri Sub-South,4,538.093063964504,23.71231966077876,1981,49.671786884918525,Inorganic,GMO,Mechanized,None,2.0596795907351155,1,Short Rains,2023,7.0
Nyanza,Siaya,Siaya Sub-East,2,602.8099463348202,20.605825873323393,1463,51.49477047631462,Organic,Indigenous,Manual,None,2.2482621729419003,27,Short Rains,2023,7.0
Coast,Kilifi,Kilifi Sub-West,5,504.85282493519605,21.927679799641954,1488,66.44793284742323,Organic,Indigenous,Manual,Low,2.0402878828830984,18,Long Rains,2023,7.0
Central,Kiambu,Kiambu Sub-West,3,648.1979139002894,24.852912717240645,1472,53.08475201010006,Mixed,Hybrid,Mechanized,Low,1.7782583241518806,10,Short Rains,2022,7.0
Eastern,Embu,Embu Sub-North,4,476.91356835660446,23.454919869208258,1880,69.60714131423643,Organic,GMO,Manual,Severe,2.3377545210855533,12,Short Rains,2021,7.0
Western,Bungoma,Bungoma Sub-West,1,700.0485607762105,23.304841724518518,2014,31.445739336828773,Inorganic,Hybrid,Manual,Low,1.8397716934578618,16,Short Rains,2022,7.0
Rift Valley,Uasin Gishu,Uasin Gishu Sub-West,1,610.5763647027761,24.841333431426143,1627,46.599163166759574,Inorganic,Hybrid,Manual,None,2.6131441347494375,3,Short Rains,2021,7.0
Rift Valley,Nakuru,Nakuru Sub-West,4,656.6894070787088,22.67099913167619,1152,77.98661766717134,Organic,GMO,Mechanized,Low,2.7369164604558938,16,Long Rains,2023,7.0
Eastern,Machakos,Machakos Sub-North,1,561.6676693734097,22.074946279596496,2415,33.31253968505828,Mixed,Hybrid,Manual,None,2.7122431220282253,1,Short Rains,2022,7.0
Central,Nyeri,Nyeri Sub-East,1,663.4240296264289,29.122190428756518,1469,36.65728355561715,Inorganic,Hybrid,Manual,Moderate,2.0920948575172806,6,Long Rains,2022,7.0
Nyanza,Homa Bay,Homa Bay Sub-West,2,641.3354087623645,22.7182028910653,2300,63.08242789030181,Organic,Indigenous,Manual,Severe,3.867211079530871,1,Long Rains,2023,7.0
Rift Valley,Uasin Gishu,Uasin Gishu Sub-West,3,662.5667347765007,21.285684887167434,1658,72.1977316279783,Organic,Indigenous,Manual,None,2.6983871406355644,17,Short Rains,2021,7.0
Central,Kiambu,Kiambu Sub-East,1,619.0598705114522,24.21395141913725,2060,44.76648225840873,Mixed,Indigenous,Mechanized,None,2.43793380555917,21,Long Rains,2021,7.0
Nyanza,Kisumu,Kisumu Sub-South,2,633.6398763786252,23.101259621830334,2139,37.29809422897392,Organic,Hybrid,Mechanized,Moderate,1.7425763876570677,23,Short Rains,2022,7.0
Eastern,Machakos,Machakos Sub-North,3,425.09305658283864,20.317193004107672,1565,25.67458068584775,Inorganic,Hybrid,Mechanized,Moderate,2.8150374693005036,24,Short Rains,2023,7.0
Central,Murang'a,Murang'a Sub-West,1,663.5112550901979,20.83959825991903,1961,37.171392216802836,Inorganic,Hybrid,Manual,Severe,1.9864691205322016,26,Short Rains,2022,7.0
Western,Busia,Busia Sub-South,3,706.6198544097738,21.081983807146443,1758,70.73006906257915,Organic,Indigenous,Mechanized,None,1.724283027954674,24,Short Rains,2022,7.0
Eastern,Kitui,Kitui Sub-South,2,602.3931814465836,24.743827977624786,1035,58.56335766039751,Mixed,Hybrid,Mechanized,Low,3.0677828200902995,14,Long Rains,2021,7.0
Central,Kiambu,Kiambu Sub-North,1,617.6180922052322,20.69486925667997,1833,27.48847410189239,Mixed,Indigenous,Manual,Moderate,3.4447738280632914,19,Long Rains,2023,7.0
Central,Kiambu,Kiambu Sub-East,1,831.4658566673509,19.265469614816503,2148,52.24750574509397,Organic,Indigenous,Mechanized,Moderate,2.570453684035661,17,Long Rains,2023,7.0
Coast,Kwale,Kwale Sub-South,1,566.5182752605266,26.120760282265756,2003,51.928265001066215,Inorganic,GMO,Manual,Low,2.476178144421478,6,Long Rains,2021,7.0
Eastern,Kitui,Kitui Sub-North,2,604.5571839903814,21.696799304788367,1046,38.51735951288992,Mixed,Indigenous,Manual,None,2.711156880832032,16,Long Rains,2023,7.0
Rift Valley,Uasin Gishu,Uasin Gishu Sub-East,4,644.2074016866732,25.096039487989906,1830,40.5714537878644,Organic,Hybrid,Mechanized,Severe,3.296490897129732,26,Short Rains,2021,7.0
Coast,Kwale,Kwale Sub-South,5,650.4987278980457,24.731510388340244,2012,26.76756980263862,Mixed,Hybrid,Mechanized,Moderate,2.328435467947951,22,Short Rains,2022,7.0
Eastern,Embu,Embu Sub-East,5,726.6406855372875,23.754592530920817,1789,74.77026479719235,Inorganic,GMO,Mechanized,Low,1.908213416027731,22,Long Rains,2022,7.0
Eastern,Embu,Embu Sub-East,3,644.3819428146228,24.549268106858673,2227,41.761206389535474,Inorganic,GMO,Manual,Low,3.048398127220702,5,Long Rains,2023,7.0
Eastern,Machakos,Machakos Sub-South,3,456.98586220393673,22.119911026606033,2246,51.96110865929137,Mixed,GMO,Manual,Moderate,4.093516669036484,13,Short Rains,2022,7.0
Central,Kiambu,Kiambu Sub-South,4,579.7542474168449,23.12179321423432,1895,67.58653673588364,Mixed,Hybrid,Mechanized,Severe,2.7657000054801646,12,Short Rains,2023,7.0
Eastern,Embu,Embu Sub-West,1,476.2184501173151,27.266066749312532,2291,20.718683007162472,Organic,Indigenous,Manual,Severe,2.719663570051717,10,Short Rains,2023,6.94
Rift Valley,Uasin Gishu,Uasin Gishu Sub-South,1,533.1025172683314,21.263831549191025,1011,54.21487801602549,Mixed,Hybrid,Mechanized,Severe,2.188650240089703,17,Long Rains,2022,7.0
Coast,Kilifi,Kilifi Sub-East,2,757.0110622038853,20.750096524334285,1114,69.22880570471303,Inorganic,GMO,Mechanized,None,2.1888814175468605,21,Long Rains,2023,7.0
Rift Valley,Nakuru,Nakuru Sub-East,2,652.9435511653803,22.63221652454396,2399,62.1929317825844,Inorganic,Indigenous,Mechanized,None,2.814814420961806,25,Long Rains,2021,7.0
Rift Valley,Baringo,Baringo Sub-North,3,738.9566338614964,26.740847795631034,2122,75.32025548553372,Organic,Hybrid,Mechanized,Low,1.606164194034109,7,Short Rains,2021,7.0
Nyanza,Kisumu,Kisumu Sub-North,2,704.367564536875,23.45795707637708,1036,61.46717352988567,Mixed,Hybrid,Mechanized,Low,1.9444180936279511,23,Long Rains,2022,7.0
Coast,Kilifi,Kilifi Sub-North,3,626.1623055972466,23.02429301814645,1728,63.96401125961118,Inorganic,Hybrid,Manual,Severe,2.8409764856474817,17,Long Rains,2021,7.0
Eastern,Embu,Embu Sub-East,1,558.8709409340186,24.96804708912618,1717,46.996926564033956,Inorganic,GMO,Mechanized,Moderate,3.5123604990005033,26,Long Rains,2022,7.0
Nyanza,Kisumu,Kisumu Sub-South,5,809.238727568546,20.987965237000594,1890,31.78717080818402,Mixed,Indigenous,Manual,Moderate,2.328705565884677,21,Short Rains,2023,7.0
Coast,Kilifi,Kilifi Sub-North,3,530.0853421908083,22.982365907508385,2246,77.20499863818361,Inorganic,Hybrid,Manual,Low,2.7022914475587623,15,Short Rains,2021,7.0
Eastern,Kitui,Kitui Sub-South,1,543.6275447196025,21.355559208867138,2197,53.65530817237868,Mixed,Indigenous,Mechanized,Severe,2.28334829654872,18,Long Rains,2022,7.0
Nyanza,Kisumu,Kisumu Sub-South,2,441.83460743854545,23.15801802848811,2388,67.31531507613386,Mixed,Indigenous,Manual,None,2.2613091347123397,7,Long Rains,2022,7.0
Western,Busia,Busia Sub-East,5,578.6552848288153,23.62181513119601,1090,72.13034325424329,Organic,Indigenous,Mechanized,None,2.1041400106722103,3,Short Rains,2021,7.0
Rift Valley,Baringo,Baringo Sub-West,5,542.5798551192321,20.0160513490823,2081,62.77916701347027,Inorganic,Hybrid,Mechanized,Severe,2.884169727152502,9,Short Rains,2022,7.0
Rift Valley,Nakuru,Nakuru Sub-West,1,713.3342025069073,21.92050928135081,2392,28.700575505124643,Inorganic,Hybrid,Mechanized,Moderate,2.5287064738781853,21,Long Rains,2022,7.0
Coast,Kilifi,Kilifi Sub-South,2,606.9652664518879,24.96700861271693,1202,47.47893816191705,Inorganic,GMO,Mechanized,Severe,2.642587662324827,19,Long Rains,2021,7.0
Nyanza,Siaya,Siaya Sub-East,4,649.799829124545,25.902287215590082,2438,64.3890623912781,Organic,Hybrid,Manual,Low,3.2183773362747767,11,Short Rains,2021,7.0
Western,Bungoma,Bungoma Sub-South,1,588.906806437049,24.952618252962207,1667,35.19156188490612,Mixed,Indigenous,Mechanized,None,2.2544182356252715,4,Short Rains,2023,7.0
Central,Kiambu,Kiambu Sub-East,1,547.4244978319239,21.481734676892604,1040,52.25590679714311,Mixed,Indigenous,Manual,Moderate,2.3383136004983993,17,Long Rains,2021,7.0
Eastern,Embu,Embu Sub-North,4,535.4677790802514,19.79877798194473,1460,36.52377992977463,Inorganic,Indigenous,Mechanized,Low,2.745959585753253,14,Long Rains,2022,7.0
Western,Bungoma,Bungoma Sub-East,3,426.9684689575822,23.284100183835136,2028,65.55737697416937,Organic,Indigenous,Mechanized,Low,2.463194442104047,1,Long Rains,2021,7.0
Rift Valley,Uasin Gishu,Uasin Gishu Sub-West,1,634.061525128836,22.972444089465615,1852,40.76321232848433,Mixed,Hybrid,Mechanized,None,3.218091734038883,27,Short Rains,2021,7.0
Nyanza,Siaya,Siaya Sub-East,2,627.8723034970661,18.095470797368534,1384,36.48059272002998,Inorganic,Hybrid,Manual,None,2.6712284590037574,5,Long Rains,2022,7.0
Eastern,Machakos,Machakos Sub-North,1,600.5243699718183,23.093961187529484,1996,63.86228574628303,Organic,Hybrid,Mechanized,Low,2.9064282321190493,19,Long Rains,2021,7.0
Eastern,Machakos,Machakos Sub-East,2,440.0876527462517,20.262819768916287,1880,58.03237714962807,Inorganic,GMO,Manual,Severe,0.7609153931817219,3,Short Rains,2023,7.0
Nyanza,Kisumu,Kisumu Sub-East,2,717.9297184063827,23.13503696282022,2077,56.205691999281115,Inorganic,GMO,Mechanized,None,3.1710442521529574,15,Long Rains,2023,7.0
Coast,Kilifi,Kilifi Sub-West,4,561.0089608990222,25.299246157666165,1102,57.878175690364216,Inorganic,Indigenous,Mechanized,None,3.029212243424794,15,Short Rains,2021,7.0
Eastern,Kitui,Kitui Sub-East,5,688.6063560246154,22.725844357916294,2331,19.56153717359017,Organic,Indigenous,Mechanized,Moderate,3.4806517359818185,15,Long Rains,2022,7.0
Nyanza,Siaya,Siaya Sub-South,4,461.9898541785109,19.59323512128969,1983,49.16678451655072,Inorganic,Indigenous,Mechanized,Low,2.5640205342792304,2,Long Rains,2022,7.0
Western,Kakamega,Kakamega Sub-North,3,712.2677684798022,20.117608479008002,1110,33.48122142729332,Organic,Indigenous,Mechanized,Low,2.743836637461647,24,Long Rains,2021,7.0
Rift Valley,Nakuru,Nakuru Sub-East,2,576.4681258092749,23.93555909241542,1060,50.22596572368492,Mixed,Hybrid,Manual,Low,2.2348711908137795,29,Long Rains,2021,7.0
Central,Kiambu,Kiambu Sub-West,4,605.0842569136156,22.02271982922384,1644,28.48866696151214,Inorganic,Indigenous,Mechanized,Severe,2.4042335880433536,2,Long Rains,2022,7.0
Central,Kiambu,Kiambu Sub-West,5,518.132301468142,21.74952363289289,1046,45.89585384744047,Inorganic,GMO,Manual,Low,2.150137246003707,11,Short Rains,2023,7.0
Western,Kakamega,Kakamega Sub-East,5,685.135426460051,21.759272554928895,1624,52.67192638641597,Mixed,GMO,Mechanized,Severe,2.517817729925228,15,Long Rains,2021,7.0
Coast,Kilifi,Kilifi Sub-South,3,369.8078835264415,19.969617875602896,2239,70.50311401166786,Inorganic,Indigenous,Mechanized,Low,2.3735403479465025,27,Long Rains,2023,7.0
Central,Kiambu,Kiambu Sub-South,2,685.1402092378829,21.02412830840692,1918,96.18321212682856,Inorganic,Hybrid,Mechanized,Severe,3.0597874557172884,13,Long Rains,2021,7.0
Rift Valley,Baringo,Baringo Sub-North,4,690.1863437017887,21.25750623777014,1484,46.598758590526614,Organic,Indigenous,Mechanized,Low,2.629960734567865,17,Long Rains,2022,7.0
Nyanza,Siaya,Siaya Sub-West,2,535.3427115757473,20.83690399277121,1811,39.461733243197536,Inorganic,Indigenous,Manual,Severe,1.9033699421807873,25,Long Rains,2023,7.0
Coast,Kilifi,Kilifi Sub-South,1,665.3634261335324,21.252051761029808,1110,49.95056119508969,Organic,GMO,Manual,Moderate,2.7007802840629993,8,Long Rains,2021,7.0
Eastern,Embu,Embu Sub-East,4,496.27538456735437,22.619322643832785,1424,60.6718139779224,Inorganic,Indigenous,Manual,Severe,2.3553110264336543,2,Short Rains,2022,7.0
Western,Bungoma,Bungoma Sub-West,4,436.20059642866113,23.9931563179296,2460,47.08622917648948,Mixed,GMO,Manual,Low,2.1746787154390868,11,Long Rains,2022,7.0
Central,Murang'a,Murang'a Sub-East,2,617.396632916957,24.815743894484854,1074,53.55986577139615,Organic,Hybrid,Manual,Low,2.636788701569314,17,Short Rains,2022,7.0
Coast,Kilifi,Kilifi Sub-East,5,592.5492353468827,24.132680261038043,1714,62.47727264157894,Mixed,Hybrid,Mechanized,None,1.6652973594393141,12,Long Rains,2021,7.0
Western,Bungoma,Bungoma Sub-East,4,509.0307049851547,24.277247299675288,1531,43.120710845855015,Inorganic,GMO,Manual,Moderate,2.3466418003390914,26,Long Rains,2023,7.0
Western,Bungoma,Bungoma Sub-South,2,613.8507962388442,24.528504397218047,1844,50.1619724721455,Organic,Hybrid,Mechanized,Severe,2.1740819460989202,18,Short Rains,2023,7.0
Eastern,Embu,Embu Sub-South,2,806.704400175138,19.1101214192585,1171,59.39924101299477,Inorganic,Hybrid,Manual,Moderate,1.9936909645434842,20,Long Rains,2022,7.0
Rift Valley,Uasin Gishu,Uasin Gishu Sub-East,1,487.0293145342382,24.059608355830566,2442,71.6235293098685,Mixed,Hybrid,Mechanized,Low,2.78853606359027,28,Long Rains,2023,7.0
Rift Valley,Baringo,Baringo Sub-East,3,616.9729284390373,23.1787878382913,1587,60.021514276350686,Organic,GMO,Manual,None,2.4053961702521613,22,Short Rains,2022,7.0
Eastern,Machakos,Machakos Sub-West,4,669.6351126652487,24.03224945715538,2188,57.132404621737614,Organic,Hybrid,Mechanized,Moderate,2.771741576481889,26,Long Rains,2021,7.0
Western,Busia,Busia Sub-South,1,572.5955642768971,24.21622778243667,2065,68.01820883245918,Inorganic,GMO,Mechanized,None,2.295962313489224,7,Short Rains,2023,7.0
Coast,Kilifi,Kilifi Sub-West,1,629.5550450979152,24.41584873393935,1574,83.12675788799271,Organic,Indigenous,Mechanized,Low,1.7098740316282366,1,Long Rains,2021,7.0
Central,Kiambu,Kiambu Sub-North,4,668.6831790542647,18.320813994970226,1820,53.53421837162849,Inorganic,Indigenous,Manual,Moderate,2.8854325969434833,19,Short Rains,2021,7.0
Nyanza,Homa Bay,Homa Bay Sub-North,5,523.5208613044549,24.832342531209243,2038,66.35544367540469,Mixed,Indigenous,Manual,Moderate,2.493627924755816,7,Short Rains,2023,7.0
Western,Kakamega,Kakamega Sub-East,1,682.8153490390105,25.01978992209932,2434,72.64656968689435,Organic,Hybrid,Manual,Moderate,2.701017240023461,27,Short Rains,2022,7.0
Western,Kakamega,Kakamega Sub-West,1,626.0528987074016,18.51039418458538,1215,60.13713095066121,Organic,GMO,Manual,Low,2.527577938209306,8,Long Rains,2021,7.0
Eastern,Kitui,Kitui Sub-West,1,557.2592057550524,21.894708453305988,1843,69.95657844903624,Organic,GMO,Mechanized,Low,3.499658603124902,26,Short Rains,2023,7.0
Western,Bungoma,Bungoma Sub-North,5,475.5345296688583,19.442559502191443,1814,72.44066467233775,Inorganic,Indigenous,Manual,Low,2.906844287978325,26,Short Rains,2023,7.0
Coast,Kwale,Kwale Sub-North,2,618.0530841805431,28.2871431667971,1984,63.01773554994773,Inorganic,Indigenous,Mechanized,Moderate,2.031742991251632,11,Short Rains,2021,7.0
Coast,Mombasa,Mombasa Sub-West,1,672.5766623898692,23.962018463473427,1126,53.35826036418697,Organic,Indigenous,Mechanized,Moderate,2.6251219662868244,26,Short Rains,2021,7.0
Rift Valley,Uasin Gishu,Uasin Gishu Sub-West,3,537.2581115622523,22.009221514137508,1419,50.835873684330416,Inorganic,Hybrid,Manual,None,3.047095759235474,8,Long Rains,2023,7.0
Rift Valley,Uasin Gishu,Uasin Gishu Sub-West,2,741.5482802510849,21.406994082684825,1312,59.9116284758321,Organic,Indigenous,Manual,Low,2.926123244515134,11,Long Rains,2023,7.0
Rift Valley,Uasin Gishu,Uasin Gishu Sub-South,4,593.452264624254,24.6148347221656,1474,44.96322951064808,Inorganic,Hybrid,Mechanized,None,3.3345107626446966,11,Long Rains,2022,7.0
Western,Bungoma,Bungoma Sub-South,2,447.0235696827192,25.07765229022386,2002,39.526759575269715,Inorganic,Indigenous,Manual,None,1.9914039147273046,20,Short Rains,2023,7.0
Central,Nyeri,Nyeri Sub-North,5,827.6651626398838,19.741394778891497,1341,88.60039704874791,Inorganic,Indigenous,Mechanized,Moderate,2.529609217007244,13,Short Rains,2022,7.0
Eastern,Embu,Embu Sub-West,1,408.87463201059757,21.86567366412921,1669,66.93333114570362,Mixed,GMO,Manual,Low,3.784963419845167,18,Short Rains,2023,7.0
Coast,Kilifi,Kilifi Sub-North,3,703.999243982983,20.99875943885412,2009,10.235452874104823,Organic,Hybrid,Mechanized,None,3.045753425961231,18,Short Rains,2022,7.0
Eastern,Kitui,Kitui Sub-West,2,598.2076426438146,22.402724416402965,1054,39.26285196697074,Organic,Indigenous,Manual,Severe,2.425061016618769,10,Short Rains,2022,7.0
Central,Kiambu,Kiambu Sub-West,3,606.3633240368555,24.903028125885907,1086,46.14774458111402,Mixed,Hybrid,Manual,Severe,3.012143290889695,25,Short Rains,2021,7.0
Central,Kiambu,Kiambu Sub-North,5,527.1684850052114,23.19749155527467,1578,48.044822810191874,Organic,Hybrid,Manual,Low,2.571607726248761,8,Long Rains,2023,7.0
Coast,Kwale,Kwale Sub-North,4,575.9674601841865,22.250358384900807,2101,68.74707979116823,Mixed,Indigenous,Mechanized,Low,2.7101622935922602,16,Short Rains,2023,7.0
Nyanza,Siaya,Siaya Sub-North,2,499.2910635693739,21.68553336376501,1943,35.93966476665018,Mixed,GMO,Manual,None,2.6154719781940816,1,Short Rains,2023,7.0
Nyanza,Kisumu,Kisumu Sub-North,3,632.6133022242118,20.497772847229395,1699,57.910755735387234,Organic,Hybrid,Mechanized,Low,2.630968805553413,5,Short Rains,2023,7.0
Western,Kakamega,Kakamega Sub-South,1,518.3694590945154,25.63153301656432,1395,23.70339429592677,Organic,GMO,Mechanized,Severe,2.2622347279178254,9,Short Rains,2022,7.0
Western,Bungoma,Bungoma Sub-North,1,424.6530583749337,21.910155530082182,1853,44.674515085299134,Organic,Indigenous,Mechanized,Moderate,2.628736617291329,24,Long Rains,2021,7.0
Coast,Mombasa,Mombasa Sub-East,1,633.3643531450597,22.871414625779003,2232,29.859401622405738,Mixed,GMO,Mechanized,Low,2.6539008844460295,13,Long Rains,2022,7.0
Central,Murang'a,Murang'a Sub-East,1,464.16522807138483,22.06112217318091,2301,30.67328930364013,Mixed,GMO,Manual,Severe,2.550408711127026,23,Short Rains,2023,7.0
Central,Murang'a,Murang'a Sub-South,1,653.9572406400142,25.693491957281992,1040,51.901897395207044,Mixed,GMO,Manual,None,2.7041263778572358,25,Long Rains,2022,7.0
Western,Bungoma,Bungoma Sub-North,1,781.0950266331944,22.958302478669726,1341,53.840446014708135,Inorganic,Indigenous,Mechanized,Moderate,2.991345491972757,12,Long Rains,2021,7.0
Central,Murang'a,Murang'a Sub-East,3,829.7958975997083,25.37235636464824,1980,53.857071951409566,Organic,Indigenous,Manual,Moderate,2.6918069769083854,2,Short Rains,2021,7.0
Central,Kiambu,Kiambu Sub-North,4,651.7659020469123,21.548512373693068,1818,52.208117440544044,Organic,Indigenous,Mechanized,Low,2.38872926391443,29,Short Rains,2021,7.0
Western,Bungoma,Bungoma Sub-South,1,520.1560952582946,25.682623839400268,1806,36.74333316703597,Organic,GMO,Mechanized,None,2.7705009363018145,23,Long Rains,2021,7.0
Rift Valley,Nakuru,Nakuru Sub-North,4,649.331790088089,23.369672247389747,1068,23.67819739137149,Organic,Hybrid,Manual,Low,2.4380530106297202,15,Short Rains,2021,7.0
Central,Kiambu,Kiambu Sub-West,3,448.0820017013823,22.989327058326673,1364,40.11846761327965,Mixed,Hybrid,Mechanized,None,2.687292554725489,2,Short Rains,2021,7.0
Central,Kiambu,Kiambu Sub-South,2,596.5011509503038,26.54160127127102,1938,35.82963968695355,Inorganic,GMO,Manual,Moderate,3.6514559488615563,3,Long Rains,2021,7.0
Eastern,Kitui,Kitui Sub-North,2,653.2595109370551,20.824438129476476,1865,63.942237610171546,Inorganic,GMO,Mechanized,Severe,2.346107191660094,27,Short Rains,2023,7.0
Rift Valley,Baringo,Baringo Sub-East,3,592.5566570899954,24.241344195101355,1011,65.9685301704005,Inorganic,Indigenous,Manual,Low,2.5598028344435346,8,Short Rains,2021,7.0
Western,Kakamega,Kakamega Sub-West,1,668.9036203214972,24.675394876800976,2223,70.51977961163621,Organic,GMO,Manual,None,2.4649171442706765,15,Long Rains,2021,7.0
Western,Busia,Busia Sub-South,5,571.6684684167386,23.244107869006008,1046,51.55216647969778,Organic,GMO,Mechanized,Low,2.2327966569883158,17,Short Rains,2022,7.0
Eastern,Kitui,Kitui Sub-East,3,472.32514241796906,20.837886919183475,1687,65.79729279999356,Organic,Hybrid,Manual,Low,2.4019986843788343,29,Short Rains,2021,7.0
Nyanza,Siaya,Siaya Sub-East,5,712.9069437535143,22.839168452582015,1934,70.3495007327518,Inorganic,Indigenous,Mechanized,Severe,1.1437547540760131,7,Long Rains,2023,7.0
Coast,Mombasa,Mombasa Sub-North,1,553.7724711294958,22.13100754513537,2121,45.36241814797041,Organic,Hybrid,Manual,Severe,2.5398289287637934,26,Short Rains,2023,7.0
Coast,Mombasa,Mombasa Sub-North,3,573.8972746753204,23.269969441639375,1496,80.63594634071109,Inorganic,Indigenous,Mechanized,Severe,2.7425875526147947,13,Long Rains,2021,7.0
Central,Kiambu,Kiambu Sub-West,3,628.3032205395216,20.301072857148952,1310,58.78255191287869,Inorganic,GMO,Mechanized,Low,2.6280807292169124,27,Short Rains,2023,7.0
Nyanza,Siaya,Siaya Sub-North,2,608.2283989275425,25.130960750130704,2439,88.96556964851575,Mixed,Indigenous,Mechanized,Low,2.1748145279649864,12,Long Rains,2023,7.0
Central,Nyeri,Nyeri Sub-South,4,424.1401000005852,21.254738745257978,1002,61.904869129705304,Mixed,GMO,Mechanized,Low,1.5693255481615882,18,Long Rains,2023,7.0
Western,Kakamega,Kakamega Sub-West,2,499.5859233247932,21.464404869791743,1431,20.994825483386595,Inorganic,Hybrid,Manual,Moderate,1.8963020841768128,24,Long Rains,2021,7.0
Western,Busia,Busia Sub-North,5,680.1857332040166,23.54801157017114,2342,50.754597841329804,Organic,Hybrid,Mechanized,Low,2.4752681451737835,13,Long Rains,2023,7.0
Nyanza,Homa Bay,Homa Bay Sub-South,4,585.0810840241281,21.681173177097996,2333,54.33752965861727,Inorganic,Hybrid,Mechanized,Severe,3.7276500699554473,10,Short Rains,2022,7.0
Western,Bungoma,Bungoma Sub-South,4,549.8860032721431,23.937126986743046,1053,57.62284666238195,Inorganic,GMO,Mechanized,Low,2.3133003658117155,18,Long Rains,2022,7.0
Coast,Mombasa,Mombasa Sub-East,4,616.9652889470851,22.993974793632322,1002,41.716654335785435,Inorganic,Indigenous,Mechanized,Severe,2.8164659088777553,24,Long Rains,2023,7.0
Western,Kakamega,Kakamega Sub-South,1,512.1628812907215,22.638018522120554,2218,23.572043869403924,Mixed,Indigenous,Manual,None,2.771749551394671,5,Short Rains,2022,7.0
Western,Busia,Busia Sub-South,1,509.39642054977253,24.94970056939226,2147,29.31021157978209,Inorganic,GMO,Manual,Moderate,2.1345349800290405,5,Long Rains,2022,7.0
Coast,Kwale,Kwale Sub-North,5,536.9007870126053,24.81498953683451,2346,50.5384182465155,Mixed,GMO,Manual,Low,3.1619374018936064,27,Long Rains,2021,7.0
Central,Nyeri,Nyeri Sub-North,1,640.941341786913,24.275946540301547,1215,58.85982246038464,Mixed,Hybrid,Mechanized,Low,3.054351790291454,1,Short Rains,2022,7.0
Nyanza,Homa Bay,Homa Bay Sub-West,3,573.1363941612697,20.66220746851656,2193,38.862284737145885,Organic,Hybrid,Mechanized,Low,2.658902584600942,28,Long Rains,2022,7.0
Rift Valley,Baringo,Baringo Sub-North,3,583.2881919683145,23.293427372866645,1362,53.4444189524548,Mixed,Indigenous,Manual,None,2.423764322447452,18,Long Rains,2021,7.0
Eastern,Kitui,Kitui Sub-East,1,640.0412029238437,22.548572704861332,2247,50.051221267676155,Inorganic,GMO,Mechanized,None,2.3758685496074423,9,Long Rains,2021,7.0
Western,Bungoma,Bungoma Sub-East,1,464.0143859020081,24.492507132054442,1699,44.135921455021624,Inorganic,Hybrid,Mechanized,Moderate,2.1647842164768702,7,Long Rains,2023,7.0
Rift Valley,Baringo,Baringo Sub-South,3,604.7954050283106,25.41796388821293,2245,28.377586279045772,Organic,GMO,Manual,None,2.885212608558321,20,Long Rains,2022,7.0
Nyanza,Homa Bay,Homa Bay Sub-West,5,555.3566385449471,23.388179985796615,1730,57.3562935755415,Mixed,Indigenous,Mechanized,Severe,2.1981098804689654,17,Long Rains,2023,7.0
Western,Busia,Busia Sub-North,2,696.501496106323,22.039736264608297,1305,51.91704046050174,Mixed,Hybrid,Manual,None,3.510200981841056,20,Short Rains,2021,7.0
Western,Bungoma,Bungoma Sub-North,4,756.5524029234341,22.868499477854023,1569,60.17449116788062,Organic,Indigenous,Manual,Moderate,2.475985234642912,3,Long Rains,2022,7.0
Central,Kiambu,Kiambu Sub-South,4,582.2259678512594,24.297272669441924,1883,64.80963348884937,Organic,Hybrid,Manual,Low,2.731861928695216,20,Long Rains,2022,7.0
Coast,Kilifi,Kilifi Sub-North,3,471.9695601329106,24.74491465656029,1848,56.46260366500623,Inorganic,Indigenous,Mechanized,None,2.6216538320641827,5,Long Rains,2021,7.0
Nyanza,Kisumu,Kisumu Sub-West,1,766.0136953448242,24.795777077520682,2185,46.90149247353006,Inorganic,Hybrid,Manual,Moderate,1.874230287904778,15,Long Rains,2023,7.0
Central,Nyeri,Nyeri Sub-North,5,851.5546207874224,19.687172589049688,2083,54.045040360956065,Organic,Hybrid,Mechanized,None,2.384971782201809,21,Long Rains,2023,7.0
Coast,Kilifi,Kilifi Sub-East,1,481.3358482634952,22.2595811543735,1348,50.34961401328805,Mixed,Indigenous,Mechanized,Low,2.598260584850735,14,Long Rains,2022,7.0
Coast,Kilifi,Kilifi Sub-West,3,763.811274954764,26.00207768000892,1520,49.39763074033485,Inorganic,Indigenous,Mechanized,Moderate,1.784612448940976,22,Long Rains,2022,7.0
Coast,Kilifi,Kilifi Sub-South,1,656.4701062536155,21.730789929413287,1720,64.93628355022034,Inorganic,Hybrid,Mechanized,None,2.2738468403754615,6,Long Rains,2023,7.0
Western,Kakamega,Kakamega Sub-West,1,702.352152246566,20.81274210787321,1800,64.09772155294532,Mixed,GMO,Manual,Severe,2.9230067723356346,9,Short Rains,2023,7.0
Western,Bungoma,Bungoma Sub-North,1,484.1635310807457,26.0067966035343,1713,63.16043435863507,Inorganic,Hybrid,Manual,Moderate,2.531251366624738,9,Long Rains,2021,7.0
Coast,Mombasa,Mombasa Sub-North,2,573.0813868318611,22.827723109033272,1115,29.219422014954016,Organic,GMO,Manual,Low,1.9463402433268442,6,Short Rains,2022,7.0
Coast,Kilifi,Kilifi Sub-East,3,664.084286126701,21.857642020434405,1886,58.58874172034238,Inorganic,Hybrid,Mechanized,Moderate,2.675945533953218,29,Long Rains,2023,7.0
Coast,Kwale,Kwale Sub-East,3,781.1980124134872,23.715851457383536,2287,52.19372011728284,Inorganic,Indigenous,Mechanized,None,2.76106017862754,20,Long Rains,2022,7.0
Eastern,Machakos,Machakos Sub-North,2,546.4764788439433,25.63478813126865,1409,52.96399407038599,Inorganic,GMO,Manual,Moderate,2.2101495442631864,28,Short Rains,2023,7.0
Coast,Mombasa,Mombasa Sub-South,1,563.047838317777,23.409098792181492,2013,75.98322878728472,Mixed,Indigenous,Manual,Moderate,3.0375414105179814,25,Long Rains,2022,7.0
Central,Kiambu,Kiambu Sub-South,5,642.4165946401916,24.045670976070998,1694,41.394499940921314,Organic,GMO,Manual,Severe,2.7529955549797673,27,Long Rains,2023,7.0
Eastern,Embu,Embu Sub-North,3,487.2172779498694,24.128554776053473,1034,43.81530321897707,Inorganic,GMO,Mechanized,Low,1.7940195117278743,15,Short Rains,2022,7.0
Western,Busia,Busia Sub-South,4,433.1415926122411,23.79844624521056,1956,59.707939095541114,Organic,Hybrid,Manual,Moderate,2.691772003736961,28,Long Rains,2023,7.0
Coast,Kwale,Kwale Sub-East,5,443.81931386045284,27.00347420506027,2140,73.53063516516394,Organic,Hybrid,Manual,Low,1.7282310940824437,15,Short Rains,2021,7.0
Coast,Kwale,Kwale Sub-South,3,688.3659937486673,24.30464575682684,2269,26.354117645236258,Inorganic,Indigenous,Manual,Severe,1.8613897670384585,18,Long Rains,2022,7.0
Central,Nyeri,Nyeri Sub-East,3,737.6803492878929,24.55403219151458,1866,42.85549038546758,Organic,Hybrid,Manual,Severe,3.194156350716904,23,Short Rains,2022,7.0
Central,Kiambu,Kiambu Sub-East,5,744.4311583712345,17.7803164140342,2004,55.67853302142374,Mixed,Hybrid,Manual,Severe,2.0530661752475945,29,Long Rains,2023,7.0
Eastern,Machakos,Machakos Sub-East,4,677.1698710648345,17.30291475873985,2107,32.66647927841424,Organic,Indigenous,Manual,Low,2.6596116710977733,27,Short Rains,2022,7.0
Western,Busia,Busia Sub-South,4,437.378228541126,26.433530960628772,1300,73.06417340111062,Inorganic,Hybrid,Mechanized,Low,2.1165233805587844,10,Short Rains,2021,7.0
Central,Murang'a,Murang'a Sub-North,1,390.48424773200145,23.508347784492404,1861,47.547989949466896,Inorganic,Indigenous,Manual,Moderate,1.9274112879823098,8,Short Rains,2023,7.0
Western,Kakamega,Kakamega Sub-East,4,685.0221742113492,22.302695731184283,2144,44.76113443522357,Organic,Hybrid,Mechanized,Moderate,1.6816375043503295,12,Short Rains,2023,7.0
Nyanza,Kisumu,Kisumu Sub-West,5,721.4509285305348,22.820954779504188,1155,52.60862062484757,Mixed,Indigenous,Manual,None,3.0447183546802172,27,Long Rains,2022,7.0
Coast,Mombasa,Mombasa Sub-South,2,544.9051885534573,23.096770236571608,2043,39.68684822990613,Inorganic,Indigenous,Mechanized,Moderate,2.574588630172468,3,Long Rains,2023,7.0
Central,Nyeri,Nyeri Sub-South,5,673.264007721558,22.838566839782835,1836,52.86406626159974,Mixed,Hybrid,Manual,Moderate,2.052718383793108,12,Short Rains,2021,7.0
Nyanza,Kisumu,Kisumu Sub-East,5,645.2534891821334,22.73284031738957,1494,66.28799512801709,Organic,Indigenous,Mechanized,Severe,1.4392220293055913,6,Long Rains,2022,7.0
Coast,Mombasa,Mombasa Sub-South,2,710.8182816737517,20.920188145748938,1745,39.009737131135715,Organic,Hybrid,Mechanized,Moderate,2.752713573312409,21,Short Rains,2023,7.0
Rift Valley,Uasin Gishu,Uasin Gishu Sub-South,3,534.928646265491,25.146174690820626,1085,47.54058680597118,Mixed,Hybrid,Mechanized,Moderate,2.902596337390474,23,Short Rains,2021,7.0
Central,Kiambu,Kiambu Sub-East,5,615.0418905143576,23.72992200493245,1113,60.027021942936656,Organic,GMO,Mechanized,Low,2.241551568555108,15,Long Rains,2023,7.0
Nyanza,Siaya,Siaya Sub-East,4,606.7498535875009,23.395131980344765,1800,56.73842652379618,Inorganic,Indigenous,Mechanized,None,2.80901435549181,14,Long Rains,2023,7.0
Rift Valley,Baringo,Baringo Sub-North,1,763.3431532301096,20.707309213962624,2243,55.13641647831912,Organic,GMO,Mechanized,Severe,1.9441873361306365,9,Long Rains,2023,7.0
Nyanza,Homa Bay,Homa Bay Sub-East,4,620.6190982029326,21.79132286110672,2404,45.09944007533262,Mixed,GMO,Manual,Severe,2.950737314973893,13,Short Rains,2022,7.0
Central,Kiambu,Kiambu Sub-North,1,570.2436496640008,25.75141362662324,2354,27.963806590456876,Mixed,Indigenous,Manual,Moderate,2.0504191864989805,7,Long Rains,2022,7.0
Western,Kakamega,Kakamega Sub-West,1,435.6259284411942,21.229673002000304,2496,73.28842723234463,Inorganic,GMO,Mechanized,Low,3.031782859693009,3,Long Rains,2023,7.0
Nyanza,Kisumu,Kisumu Sub-North,4,764.2015160136369,25.01963417868527,1841,50.041735563823686,Mixed,Indigenous,Manual,Low,3.310214822552037,21,Long Rains,2022,7.0
Western,Bungoma,Bungoma Sub-West,4,712.611702601538,22.091511449693474,2177,49.70096907131285,Mixed,GMO,Mechanized,Severe,1.6846633162923679,4,Short Rains,2023,7.0
Coast,Kwale,Kwale Sub-East,5,738.4272818510518,24.12781824010472,2349,62.82350569431065,Organic,Hybrid,Manual,Low,2.9897054504170306,11,Short Rains,2021,7.0
Nyanza,Siaya,Siaya Sub-South,3,639.2084529700869,22.62220662443105,2357,58.29609914660719,Inorganic,Indigenous,Manual,Moderate,1.6535215929023073,20,Short Rains,2022,7.0
Coast,Mombasa,Mombasa Sub-East,4,652.2418613282565,23.41368770399305,2179,21.318452583727098,Organic,GMO,Mechanized,None,2.6984193329244026,4,Short Rains,2021,7.0
Central,Nyeri,Nyeri Sub-West,4,755.8679910088983,20.882721301205837,2131,50.9474818896076,Mixed,GMO,Mechanized,Severe,2.55268775307298,7,Short Rains,2021,7.0
Rift Valley,Uasin Gishu,Uasin Gishu Sub-East,3,694.8939989837594,21.67577496635118,1444,70.96122054590558,Mixed,Hybrid,Mechanized,None,2.462427916594992,1,Long Rains,2021,7.0
Eastern,Embu,Embu Sub-North,5,372.3087301900392,23.49499559367442,2243,83.75682151724405,Inorganic,GMO,Mechanized,Low,2.1490041560966224,10,Short Rains,2021,7.0
Western,Kakamega,Kakamega Sub-North,2,553.705093457464,20.83716074250919,1681,45.87015164741855,Inorganic,GMO,Manual,Severe,2.875687993537973,26,Short Rains,2023,7.0
Central,Murang'a,Murang'a Sub-North,3,494.1700395040873,24.385398651988424,2190,56.863139542971204,Organic,GMO,Manual,Severe,2.163254687878066,4,Long Rains,2021,7.0
Nyanza,Homa Bay,Homa Bay Sub-East,3,575.5199758193698,20.744991324518807,1580,57.865441208793655,Inorganic,GMO,Manual,Low,2.1325447927611,2,Long Rains,2023,7.0
Coast,Kwale,Kwale Sub-North,4,410.78157511763334,21.90501928600238,1418,35.933302491951345,Mixed,Hybrid,Manual,Severe,2.981939558397455,10,Short Rains,2023,7.0
Rift Valley,Baringo,Baringo Sub-South,1,673.4244289702979,20.29567110675055,1440,54.71575241082271,Mixed,Hybrid,Mechanized,Severe,2.498958101289908,3,Long Rains,2023,7.0
Western,Bungoma,Bungoma Sub-East,2,692.2932182209408,19.26359920008971,1458,20.387938274961698,Organic,GMO,Mechanized,None,2.651342674497993,10,Long Rains,2023,7.0
Western,Busia,Busia Sub-East,2,616.912405009909,23.50314216966464,1035,41.274786290770344,Organic,Indigenous,Manual,Moderate,1.9926216346535666,27,Short Rains,2022,7.0
Rift Valley,Baringo,Baringo Sub-West,1,444.84694532498236,25.477099909823867,1955,46.77601241021912,Inorganic,Hybrid,Mechanized,Severe,2.1890908497468042,21,Short Rains,2022,7.0
Central,Murang'a,Murang'a Sub-East,2,663.1291283260168,19.886768058406393,1066,20.093965361428168,Organic,Hybrid,Manual,Low,2.687028284923786,3,Long Rains,2023,7.0
Western,Busia,Busia Sub-West,2,467.0356697760692,22.975443445775365,1115,51.70100094908907,Organic,Indigenous,Manual,None,2.548216859396745,4,Long Rains,2021,7.0
Central,Kiambu,Kiambu Sub-West,3,611.0490538699469,23.755922919873747,2326,52.54041236054117,Mixed,Hybrid,Manual,Low,1.79314275154751,25,Short Rains,2022,7.0
Coast,Kwale,Kwale Sub-South,3,550.0702760428003,21.493403551322885,1285,61.839734177819,Inorganic,Hybrid,Mechanized,Moderate,3.6596647699908473,18,Long Rains,2023,7.0
Coast,Kwale,Kwale Sub-South,3,642.5178842274702,23.671315979297795,2012,57.55604069318639,Organic,Indigenous,Mechanized,None,2.7911979799920315,2,Short Rains,2022,7.0
Nyanza,Siaya,Siaya Sub-North,2,482.55101175068614,19.927096519019543,1760,32.1402714173195,Organic,Indigenous,Mechanized,Severe,1.5818973134483518,20,Short Rains,2023,7.0
Western,Bungoma,Bungoma Sub-South,2,619.3330666952734,22.807453383595806,2489,62.54485584493327,Organic,Indigenous,Manual,None,2.515633438624337,11,Long Rains,2021,7.0
Nyanza,Homa Bay,Homa Bay Sub-South,1,789.3036413911661,23.05224486307945,1560,12.971856261735375,Organic,Indigenous,Manual,None,2.5409146792737825,3,Short Rains,2021,7.0
Rift Valley,Uasin Gishu,Uasin Gishu Sub-North,5,637.3058935320637,27.003891933605946,2485,58.52661509384232,Mixed,GMO,Manual,Severe,2.799797056640747,20,Long Rains,2021,7.0
Coast,Mombasa,Mombasa Sub-East,3,698.1068653674703,24.424542979011758,1792,51.80338450151319,Mixed,Hybrid,Manual,Severe,1.5154263570132263,14,Long Rains,2021,7.0
Coast,Kwale,Kwale Sub-West,1,548.3743984062874,24.863552194817412,1482,34.02329505386941,Organic,Indigenous,Mechanized,Moderate,2.347387647822666,21,Long Rains,2021,7.0
Eastern,Kitui,Kitui Sub-North,1,494.8305111900298,19.837484858161037,2196,50.541652629951926,Inorganic,Hybrid,Mechanized,Severe,2.75387883515575,28,Short Rains,2021,7.0
Western,Kakamega,Kakamega Sub-South,4,606.447441481012,19.049066867292257,1988,54.249491276602356,Inorganic,Indigenous,Mechanized,Moderate,2.1033590530831634,29,Long Rains,2023,7.0
Nyanza,Homa Bay,Homa Bay Sub-North,4,576.9299586804522,20.375441229322163,2490,26.560178221008826,Inorganic,Hybrid,Mechanized,Severe,2.218699859173154,11,Short Rains,2021,7.0
Coast,Kwale,Kwale Sub-South,3,664.5917825793811,25.74861902635819,2486,40.7989600468859,Inorganic,Indigenous,Manual,Moderate,2.348765156755936,16,Long Rains,2021,7.0
Eastern,Machakos,Machakos Sub-North,5,752.1330161332165,20.451262507241243,1100,59.39114638261726,Inorganic,Indigenous,Manual,Severe,1.7328506868077707,20,Short Rains,2021,7.0
Central,Kiambu,Kiambu Sub-South,5,695.0538007928444,23.850658120953188,2086,43.512016074514726,Organic,GMO,Mechanized,Severe,3.1635390510068335,29,Long Rains,2023,7.0
Rift Valley,Uasin Gishu,Uasin Gishu Sub-East,1,382.61787437653027,20.366088851806282,1597,48.877199210977295,Inorganic,GMO,Mechanized,None,2.3836640457400007,6,Short Rains,2021,7.0
Central,Kiambu,Kiambu Sub-South,4,686.310022617063,21.40711963788084,2446,27.00896946656361,Mixed,GMO,Mechanized,Low,3.016477366614306,26,Long Rains,2023,7.0
Eastern,Machakos,Machakos Sub-North,3,596.9061002844376,19.079683983412338,1307,80.90837924924078,Mixed,GMO,Manual,Moderate,2.1565421221037564,4,Long Rains,2022,7.0
Coast,Mombasa,Mombasa Sub-South,1,561.0403393141207,24.10766666356309,1593,15.45954515682925,Inorganic,GMO,Mechanized,Low,2.2775271199376643,20,Short Rains,2021,7.0
Coast,Mombasa,Mombasa Sub-South,2,702.6154281396865,23.58289984642361,1424,39.03977054294329,Inorganic,GMO,Manual,Moderate,2.197192230131568,29,Short Rains,2022,7.0
Central,Murang'a,Murang'a Sub-East,5,632.5176796529064,22.666551933826323,1231,82.35962319898255,Mixed,GMO,Mechanized,None,2.1971425384983307,2,Short Rains,2021,7.0
Rift Valley,Baringo,Baringo Sub-West,1,383.8154538247369,23.732914332595943,1855,46.14568264469751,Mixed,GMO,Manual,None,2.4849422664499503,8,Short Rains,2021,7.0
Rift Valley,Baringo,Baringo Sub-East,4,563.4678448687891,23.369360611729817,1407,13.491466151779484,Mixed,Indigenous,Manual,Low,2.592883746043386,14,Short Rains,2022,7.0
Nyanza,Siaya,Siaya Sub-West,1,422.13691667901963,25.510396968906505,1519,52.82624012446143,Inorganic,Indigenous,Mechanized,None,2.9980238429029082,25,Short Rains,2023,7.0
Eastern,Embu,Embu Sub-East,2,578.8663914449007,22.76519828169008,1216,41.24963041658978,Organic,Indigenous,Mechanized,Severe,2.5192959701135167,18,Short Rains,2023,7.0
Nyanza,Homa Bay,Homa Bay Sub-South,3,562.9493698310481,20.978811826586785,1780,48.99224629007125,Organic,GMO,Mechanized,Severe,3.264234213206266,28,Long Rains,2023,7.0
Coast,Kilifi,Kilifi Sub-North,5,622.9954447842213,21.183395738068388,1487,23.934053674230615,Inorganic,Indigenous,Mechanized,Moderate,1.5260582433394185,25,Short Rains,2022,7.0
Central,Kiambu,Kiambu Sub-West,2,523.9599925666694,23.42114006791693,2458,57.68749328332275,Mixed,Hybrid,Mechanized,Low,2.6537033489045503,3,Long Rains,2023,7.0
Rift Valley,Uasin Gishu,Uasin Gishu Sub-South,3,478.75427211507724,25.27097003272554,1038,62.56344055037559,Organic,GMO,Mechanized,Severe,2.093177321970163,21,Short Rains,2023,7.0
Central,Nyeri,Nyeri Sub-West,2,623.4137547113296,22.706002435605853,1661,44.532991062196565,Organic,GMO,Mechanized,Low,2.6998439758763206,27,Short Rains,2021,7.0
Rift Valley,Nakuru,Nakuru Sub-East,1,598.6615384346961,24.072833464790087,2430,57.416651211254276,Mixed,Indigenous,Mechanized,Severe,2.8618068095888898,11,Short Rains,2023,7.0
Nyanza,Kisumu,Kisumu Sub-South,4,685.2166788251833,21.282322454093812,1022,53.65946481918866,Organic,Indigenous,Mechanized,Moderate,2.876670810552266,15,Long Rains,2022,7.0
Coast,Mombasa,Mombasa Sub-South,5,582.1390025452655,25.035081833213507,1135,46.24297941512134,Organic,Indigenous,Mechanized,None,2.4901882570947627,1,Short Rains,2023,7.0
Nyanza,Kisumu,Kisumu Sub-West,5,634.1629219369114,21.288977284043494,1873,40.68732171076036,Mixed,GMO,Manual,Moderate,1.8532321282031683,21,Long Rains,2023,7.0
Western,Bungoma,Bungoma Sub-West,3,671.9837290871391,25.893007871893154,1922,35.19377344567966,Mixed,Hybrid,Mechanized,Severe,3.243373567899887,9,Short Rains,2021,7.0
Rift Valley,Nakuru,Nakuru Sub-East,1,601.4688194729197,21.43020337383552,2441,59.72420650765788,Inorganic,Indigenous,Manual,Moderate,2.88691637182114,16,Short Rains,2022,7.0
Nyanza,Kisumu,Kisumu Sub-South,3,554.5810441688484,21.35931235093861,2234,75.90445776850108,Mixed,Indigenous,Mechanized,Moderate,2.300181907192699,24,Short Rains,2022,7.0
Eastern,Embu,Embu Sub-South,4,564.2282817730755,22.212037273395158,1940,43.822607685216205,Inorganic,GMO,Manual,Low,2.59055825510553,4,Short Rains,2021,7.0
Coast,Kwale,Kwale Sub-West,4,779.2155910760632,23.162200488080043,1335,61.013913757650876,Inorganic,Hybrid,Manual,Low,2.0033108972080718,24,Long Rains,2023,7.0
Coast,Kwale,Kwale Sub-North,3,695.6440348347622,21.750420906131893,1059,62.41775143943627,Organic,Hybrid,Mechanized,Low,3.04513725317213,19,Long Rains,2023,7.0
Coast,Kilifi,Kilifi Sub-East,2,582.9815377475071,22.09354390134545,1541,51.22344552476548,Inorganic,Indigenous,Manual,None,3.1532787308821737,13,Long Rains,2023,7.0
Coast,Kilifi,Kilifi Sub-East,3,511.39575456683264,21.313478791412514,2136,47.97135656551953,Inorganic,GMO,Mechanized,Severe,3.2567248716210653,11,Short Rains,2023,7.0
Nyanza,Kisumu,Kisumu Sub-South,5,509.2873653744749,25.113310567545586,1160,77.92708675504447,Organic,Hybrid,Mechanized,Moderate,1.961654915387435,16,Short Rains,2022,7.0
Rift Valley,Nakuru,Nakuru Sub-North,5,505.6584484991621,23.60756061898101,1137,29.349626890428773,Mixed,Hybrid,Manual,Low,2.5704431234556018,13,Long Rains,2022,7.0
Central,Murang'a,Murang'a Sub-South,3,558.8579027340629,24.057497691599323,1580,44.4675465561119,Mixed,Hybrid,Manual,Severe,2.700885641279287,17,Short Rains,2021,7.0
Western,Kakamega,Kakamega Sub-South,4,589.71644797756,24.818432332906255,1637,71.42047227852183,Mixed,GMO,Mechanized,Moderate,2.486242547474682,1,Long Rains,2021,7.0
Coast,Kilifi,Kilifi Sub-North,2,572.577164294547,21.001374484699724,1984,48.49768885280071,Organic,Hybrid,Manual,Low,2.398163124911517,28,Short Rains,2021,7.0
Eastern,Kitui,Kitui Sub-North,2,504.6395386980302,20.861498812095682,1204,20.952218982378263,Organic,Hybrid,Manual,Moderate,2.141088306974139,4,Long Rains,2022,7.0
Eastern,Kitui,Kitui Sub-East,2,357.5759739727058,24.7680907927221,2093,53.70616066709455,Organic,Indigenous,Mechanized,Moderate,2.5436655289577046,15,Long Rains,2021,7.0
Central,Nyeri,Nyeri Sub-West,4,692.6720997771524,23.974719606380766,1141,58.33069021449828,Inorganic,Indigenous,Mechanized,None,2.8971323398109137,26,Short Rains,2021,7.0
Coast,Mombasa,Mombasa Sub-East,1,544.2718875895919,20.871931529597806,1370,51.19990070838715,Organic,GMO,Mechanized,Moderate,2.673953058162443,25,Long Rains,2023,7.0
Western,Kakamega,Kakamega Sub-North,2,762.9323336618027,23.52778886090804,1288,41.14282897183437,Organic,Indigenous,Mechanized,Moderate,1.9920890905108015,2,Short Rains,2022,7.0
Western,Kakamega,Kakamega Sub-East,1,701.2067864703859,18.43170428503532,1422,55.69223085748261,Organic,GMO,Manual,None,3.4057524062967586,6,Short Rains,2023,7.0
Rift Valley,Uasin Gishu,Uasin Gishu Sub-East,4,556.4795671383033,20.809308872286167,1021,46.73403523267329,Organic,Hybrid,Mechanized,Severe,2.7182799020788337,2,Short Rains,2021,7.0
Eastern,Kitui,Kitui Sub-South,3,587.6821785189951,25.238525889550527,2109,64.16736458586796,Inorganic,Hybrid,Manual,Low,2.155385464891572,6,Long Rains,2021,7.0
Rift Valley,Nakuru,Nakuru Sub-South,3,737.4876419148185,21.70807164175093,1531,38.0121199002462,Inorganic,Hybrid,Manual,Low,3.2913936270610455,20,Long Rains,2022,7.0
Coast,Kilifi,Kilifi Sub-East,2,455.3871967439838,23.189987502712608,1212,35.389456653231846,Inorganic,Indigenous,Mechanized,Moderate,2.729748653035346,14,Short Rains,2022,7.0
Eastern,Embu,Embu Sub-North,4,443.6809191303343,24.766219554294317,2120,48.83244204480797,Mixed,GMO,Manual,Low,3.132289188669232,7,Short Rains,2022,7.0
Coast,Mombasa,Mombasa Sub-West,2,703.8388755734611,24.0108481864334,2201,48.09302837522004,Mixed,Hybrid,Manual,None,2.0614073996891498,11,Long Rains,2023,7.0
Rift Valley,Nakuru,Nakuru Sub-South,2,456.1722021682633,24.838457869150407,1163,39.97783871691509,Mixed,GMO,Manual,Moderate,2.0283084753150322,9,Long Rains,2022,7.0
Western,Bungoma,Bungoma Sub-East,3,676.5390214170434,22.61635708358672,2127,8.606039010906741,Inorganic,GMO,Mechanized,None,3.0316874247854653,6,Long Rains,2022,7.0
Western,Bungoma,Bungoma Sub-East,3,702.9960817581161,22.33044933578692,2023,43.94527305137005,Mixed,Indigenous,Manual,Low,3.178039073403354,16,Short Rains,2023,7.0
Nyanza,Homa Bay,Homa Bay Sub-South,2,580.0471326670591,20.673621077892722,1965,55.101765596069676,Inorganic,Indigenous,Mechanized,None,2.228765966646902,23,Long Rains,2021,7.0
Nyanza,Siaya,Siaya Sub-West,5,645.2371796249734,20.87521294370624,2125,56.42460645811473,Organic,Hybrid,Mechanized,None,2.6949434097361977,3,Long Rains,2023,7.0
Central,Kiambu,Kiambu Sub-East,5,779.2922591330873,23.44791055617947,1929,42.14005139816965,Mixed,Hybrid,Manual,Severe,1.8713943625712313,3,Short Rains,2021,7.0
Western,Kakamega,Kakamega Sub-East,1,570.4598589860971,23.336921952539228,1210,69.7639630341194,Organic,Indigenous,Manual,Severe,2.6383545219524924,9,Short Rains,2023,7.0
Coast,Kwale,Kwale Sub-South,2,590.8830880443813,18.519900202960994,2154,51.04668820248197,Mixed,Hybrid,Mechanized,Low,3.0210097415814685,16,Long Rains,2021,7.0
Eastern,Embu,Embu Sub-North,4,654.6733568201379,22.52213580166061,1545,44.49763382277969,Inorganic,GMO,Manual,Moderate,2.168643114068535,26,Short Rains,2023,7.0
Nyanza,Siaya,Siaya Sub-South,2,485.78693505686533,27.029757122248427,1895,64.9746634722194,Organic,GMO,Manual,Severe,2.2841898436409758,11,Short Rains,2023,7.0
Eastern,Embu,Embu Sub-North,2,666.6450316713389,22.364853602352525,1247,39.868078327163325,Inorganic,Indigenous,Manual,Low,2.2989666277416645,8,Long Rains,2022,7.0
Nyanza,Siaya,Siaya Sub-South,4,686.7846943031295,22.24382779803333,1142,65.43023916044588,Mixed,Hybrid,Mechanized,Severe,1.8416255765889715,14,Short Rains,2022,7.0
Eastern,Machakos,Machakos Sub-East,4,630.0155584995725,23.56441528577987,1645,61.19840143521605,Organic,Hybrid,Mechanized,None,2.8362868506013656,27,Long Rains,2023,7.0
Western,Bungoma,Bungoma Sub-North,3,443.91090972459347,20.14393833379847,1141,52.112426397916245,Inorganic,GMO,Manual,None,3.050298803380655,3,Long Rains,2021,7.0
Central,Nyeri,Nyeri Sub-East,4,562.2721794116311,22.244698277330887,1423,49.75401835616317,Inorganic,GMO,Manual,None,2.6659901652845073,23,Long Rains,2022,7.0
Coast,Mombasa,Mombasa Sub-East,3,638.8242647785344,21.607160414154794,1946,58.113038337220196,Mixed,Indigenous,Mechanized,Low,2.9423755273816568,28,Long Rains,2021,7.0
Coast,Kilifi,Kilifi Sub-North,3,708.5982116175032,21.928073109771905,1942,62.12086697421718,Mixed,GMO,Mechanized,None,1.7641542786646558,21,Long Rains,2023,7.0
Nyanza,Siaya,Siaya Sub-South,4,508.9296176935268,23.183729491296987,1285,51.28760595089755,Mixed,Indigenous,Mechanized,Low,2.2099859987557804,20,Short Rains,2023,7.0
Nyanza,Siaya,Siaya Sub-North,4,438.3689391563412,20.892635161707293,1221,33.9829561763121,Inorganic,GMO,Mechanized,Low,2.1721818101765735,28,Short Rains,2022,7.0
Central,Kiambu,Kiambu Sub-South,2,642.8312962473497,24.798271427374985,2150,58.38738933354777,Mixed,Indigenous,Manual,Severe,3.626443441109875,17,Short Rains,2023,7.0
Rift Valley,Uasin Gishu,Uasin Gishu Sub-East,5,430.7881111442781,24.704702713788944,2492,39.73222681674547,Organic,GMO,Manual,None,2.133106013107318,20,Short Rains,2023,7.0
Central,Murang'a,Murang'a Sub-West,3,593.6776543517041,19.956944693215377,2012,64.62796444673644,Inorganic,Indigenous,Manual,None,2.7505470849699227,24,Long Rains,2021,7.0
Western,Bungoma,Bungoma Sub-North,5,624.1048477108166,22.848352756963475,1526,63.13261970767263,Mixed,GMO,Mechanized,Moderate,2.9429015688008597,29,Short Rains,2023,7.0
Coast,Kilifi,Kilifi Sub-North,3,743.2170143524634,22.456951049017235,1178,51.13150458352389,Mixed,GMO,Manual,Low,1.6990170940514158,28,Long Rains,2023,7.0
Coast,Kilifi,Kilifi Sub-West,2,532.5779593688136,22.584737894035243,2384,23.750331886718048,Organic,Indigenous,Manual,Moderate,3.6454419620393814,6,Long Rains,2022,7.0
Central,Kiambu,Kiambu Sub-South,5,610.6178767822212,22.060895641877334,1282,43.5604666322411,Organic,Hybrid,Manual,Low,2.153789510063072,1,Long Rains,2021,7.0
Eastern,Kitui,Kitui Sub-East,4,340.68538156582576,21.874773034342688,2455,84.17373054771872,Organic,Hybrid,Mechanized,Moderate,2.0528336884557903,13,Long Rains,2021,7.0
Rift Valley,Nakuru,Nakuru Sub-West,4,715.9015244897157,23.24223599667441,1880,45.36186384425205,Organic,GMO,Mechanized,None,2.1239217972047086,21,Short Rains,2023,7.0
Central,Nyeri,Nyeri Sub-West,5,568.3246670601482,21.98308931994051,1232,48.27240608345087,Inorganic,Hybrid,Manual,None,2.1104241740358516,9,Short Rains,2021,7.0
Coast,Kilifi,Kilifi Sub-South,2,613.213672133598,25.66123407101918,1182,49.721629913508984,Organic,Indigenous,Mechanized,None,3.0380731563200065,11,Long Rains,2022,7.0
Central,Murang'a,Murang'a Sub-North,2,540.9724516640217,25.961136111083775,1583,39.359745680958994,Mixed,Hybrid,Mechanized,None,2.6335633255057416,12,Long Rains,2021,7.0
Coast,Kilifi,Kilifi Sub-North,4,480.1815967397664,25.05844358246779,1601,52.17301496986333,Inorganic,Hybrid,Manual,Low,2.192613567421541,18,Long Rains,2022,7.0
Coast,Kwale,Kwale Sub-North,2,479.49964789009726,24.175859485468784,1484,66.28390514612258,Organic,Indigenous,Mechanized,Moderate,2.394434880586153,20,Short Rains,2022,7.0
Central,Kiambu,Kiambu Sub-South,1,579.4787025500804,24.71576621226286,1654,42.10558203159539,Mixed,Hybrid,Mechanized,Severe,3.2529091438198283,29,Short Rains,2021,7.0
Eastern,Kitui,Kitui Sub-South,5,741.0932379746271,22.802823735431478,1209,50.28274434417271,Mixed,Indigenous,Manual,Severe,2.3493723823365995,6,Long Rains,2023,7.0
Coast,Mombasa,Mombasa Sub-East,3,605.8351004285478,21.510431586546947,1295,58.3815467684094,Mixed,GMO,Mechanized,Low,2.9587726033320605,12,Short Rains,2022,7.0
Rift Valley,Uasin Gishu,Uasin Gishu Sub-West,4,411.8150954502361,21.902550184518077,2236,51.39267351711672,Organic,Indigenous,Manual,Moderate,2.214927060358482,25,Long Rains,2022,7.0
Western,Busia,Busia Sub-South,1,685.5460008682645,25.57464878030428,1276,40.30659035234295,Inorganic,Indigenous,Manual,None,3.387655446304756,3,Long Rains,2022,7.0
Coast,Kwale,Kwale Sub-East,3,519.5009339069712,23.524724760647324,2387,65.7679101647906,Organic,Hybrid,Manual,Moderate,2.7640341838731173,28,Long Rains,2022,7.0
Eastern,Embu,Embu Sub-East,2,749.6007212717178,23.91445974965538,1022,61.902330808283196,Inorganic,Indigenous,Mechanized,Severe,1.6257340133809097,26,Long Rains,2023,7.0
Western,Busia,Busia Sub-West,5,592.5089155344981,24.153676335749186,2313,14.124175134308096,Mixed,GMO,Mechanized,Low,2.373372544987395,4,Long Rains,2023,7.0
Coast,Kwale,Kwale Sub-East,3,584.5534481132024,23.8611453441881,2225,69.65463119179412,Mixed,Hybrid,Mechanized,Moderate,3.197841905394978,11,Short Rains,2021,7.0
Eastern,Machakos,Machakos Sub-South,2,550.173211689965,21.268973630447988,1575,53.12532943938919,Mixed,Hybrid,Manual,Low,1.6855549082127426,20,Long Rains,2022,7.0
Coast,Mombasa,Mombasa Sub-West,1,751.4636906580358,27.07135663807751,2054,37.85594720117531,Organic,Hybrid,Manual,Moderate,2.7120305222320447,5,Long Rains,2023,7.0
Coast,Mombasa,Mombasa Sub-West,2,609.7675855560279,22.77142408879623,1362,47.64053862198645,Organic,Indigenous,Mechanized,Severe,1.9509272609845767,18,Long Rains,2023,7.0
Rift Valley,Nakuru,Nakuru Sub-West,5,516.1803685990482,22.112763390965892,1244,58.41379171911858,Mixed,Indigenous,Mechanized,Severe,2.3522598409854196,29,Short Rains,2023,7.0
Rift Valley,Baringo,Baringo Sub-West,1,454.68348537457223,17.752423528901467,1785,31.689949254771307,Organic,Indigenous,Mechanized,Severe,1.73016674036334,16,Short Rains,2023,6.26
Eastern,Embu,Embu Sub-West,5,863.2924436929852,19.388789054186468,1364,59.57076652161136,Inorganic,Hybrid,Mechanized,Low,2.7504222374722285,19,Short Rains,2021,7.0
Coast,Mombasa,Mombasa Sub-East,1,553.256565617503,21.27987828975385,1340,58.352617678293804,Mixed,Indigenous,Mechanized,Severe,1.8692725831724455,12,Short Rains,2021,7.0
Western,Bungoma,Bungoma Sub-East,2,617.0831898413297,25.520414812157675,2408,33.9088546139029,Mixed,Hybrid,Manual,Severe,2.6196234320555747,3,Long Rains,2021,7.0
Nyanza,Kisumu,Kisumu Sub-North,2,564.2088909618838,24.26211303604301,2122,40.1887998527852,Inorganic,Indigenous,Mechanized,Severe,2.6459308810000075,25,Short Rains,2021,7.0
Coast,Kilifi,Kilifi Sub-West,3,581.019748025258,25.88014703306691,1998,43.0203431482992,Inorganic,Indigenous,Manual,Severe,2.447025822847932,17,Long Rains,2022,7.0
Eastern,Embu,Embu Sub-North,4,627.1421493800942,23.515924323163315,1266,34.70657552420171,Organic,Hybrid,Manual,Low,2.2026970830802473,22,Long Rains,2022,7.0
Central,Kiambu,Kiambu Sub-East,3,630.8050539504102,22.216702865156417,1475,52.42036886963762,Organic,GMO,Mechanized,Moderate,2.3026012185379514,9,Short Rains,2022,7.0
Central,Nyeri,Nyeri Sub-North,3,482.74083911472576,22.973056356669684,1863,55.857843463475014,Mixed,Indigenous,Manual,Severe,1.5375941610186667,4,Long Rains,2022,7.0
Eastern,Embu,Embu Sub-North,3,509.4267699137381,21.69246732270236,2239,81.23523116143377,Organic,GMO,Manual,Moderate,1.9213400065077577,25,Long Rains,2022,7.0
Nyanza,Homa Bay,Homa Bay Sub-East,4,516.8498057043903,22.786810478170697,1603,64.32731175351235,Organic,Hybrid,Manual,None,2.760561214189669,4,Short Rains,2022,7.0
Western,Kakamega,Kakamega Sub-East,2,589.3348708563605,25.780854948812763,1510,67.48709028812578,Organic,Indigenous,Mechanized,Severe,2.3977725101573877,8,Short Rains,2022,7.0
Coast,Kilifi,Kilifi Sub-North,4,305.96113653357196,24.31180155305952,1719,52.92104292078162,Inorganic,GMO,Manual,None,3.619871519963932,21,Short Rains,2021,7.0
Central,Nyeri,Nyeri Sub-West,5,714.5389188547352,21.936886125513887,1695,71.70400307299336,Mixed,GMO,Manual,Moderate,2.5704694427957184,3,Short Rains,2022,7.0
Rift Valley,Nakuru,Nakuru Sub-North,4,685.6617104625677,24.030085346552376,1140,60.73487367136836,Inorganic,GMO,Mechanized,None,2.900204762613841,9,Long Rains,2021,7.0
Coast,Kwale,Kwale Sub-West,4,658.4503216119309,23.8993118132517,1193,46.66187246128403,Organic,Hybrid,Manual,Severe,2.063742342204064,2,Short Rains,2021,7.0
Rift Valley,Baringo,Baringo Sub-North,1,525.5097355193551,21.649643450051236,2378,47.83221993926723,Inorganic,GMO,Manual,Low,3.55472229732123,13,Short Rains,2022,7.0
Coast,Kwale,Kwale Sub-North,3,603.0190787210155,24.21721488471348,2089,50.01808213043336,Mixed,Hybrid,Manual,None,2.0914556844659047,10,Long Rains,2021,7.0
Rift Valley,Nakuru,Nakuru Sub-West,2,438.21660944416783,23.894798692933584,1183,38.66744998100368,Inorganic,GMO,Manual,None,2.00098508141014,7,Long Rains,2022,7.0
Rift Valley,Uasin Gishu,Uasin Gishu Sub-West,1,440.73989156563914,21.484900577521437,1631,62.44212262897623,Inorganic,Indigenous,Manual,Moderate,2.4030869306135982,29,Long Rains,2021,7.0
Rift Valley,Uasin Gishu,Uasin Gishu Sub-West,2,627.9842660997608,20.04534391818772,1780,53.866413242901665,Organic,Hybrid,Manual,Moderate,1.673540651080558,25,Long Rains,2022,7.0
Western,Bungoma,Bungoma Sub-West,4,529.8292401875125,24.167176939946543,1182,4.707317662687622,Mixed,Hybrid,Mechanized,Low,2.5919247723768475,10,Long Rains,2023,7.0
Nyanza,Homa Bay,Homa Bay Sub-North,5,728.9269862715637,23.850604808455724,2201,83.28109515801262,Inorganic,Hybrid,Mechanized,Moderate,2.9216863110785294,24,Short Rains,2023,7.0
Rift Valley,Nakuru,Nakuru Sub-North,4,652.3771109832894,19.523639055326914,1259,55.88623950768151,Organic,GMO,Mechanized,Severe,2.2455181871462506,18,Long Rains,2021,7.0
Western,Busia,Busia Sub-North,1,567.577518100171,21.071410720487265,2464,64.03822334407573,Organic,Indigenous,Mechanized,Moderate,2.5001035324590983,26,Long Rains,2021,7.0
Nyanza,Siaya,Siaya Sub-West,2,669.3878444980654,26.192159471066297,1208,37.12325089437971,Organic,Hybrid,Manual,Severe,3.062793885520172,11,Long Rains,2023,7.0
Nyanza,Siaya,Siaya Sub-West,4,614.9597478073554,25.139216524315962,2475,52.844421849581785,Inorganic,Indigenous,Mechanized,Low,2.6312806645009625,13,Long Rains,2022,7.0
Rift Valley,Nakuru,Nakuru Sub-East,1,412.0439371989978,20.621854268392305,1690,53.980435240994424,Inorganic,Hybrid,Manual,Moderate,2.208620671194209,26,Long Rains,2023,7.0
Nyanza,Kisumu,Kisumu Sub-East,1,611.0889478887768,23.923024810031617,1174,63.55221062811022,Mixed,Indigenous,Manual,Moderate,2.761121840624005,13,Long Rains,2021,7.0
Eastern,Machakos,Machakos Sub-North,5,542.0062964087074,21.33948962192562,1522,51.32986386442156,Organic,Indigenous,Mechanized,None,2.598657853702798,9,Short Rains,2021,7.0
Rift Valley,Nakuru,Nakuru Sub-South,1,571.5316964327417,22.12378035151281,2124,52.09665454649353,Inorganic,Indigenous,Mechanized,None,1.2873928610636995,9,Short Rains,2022,7.0
Eastern,Machakos,Machakos Sub-North,2,500.37679437774796,22.876913452239904,1226,42.37789703529034,Organic,GMO,Manual,Severe,2.4261098405912644,9,Long Rains,2023,7.0
Coast,Mombasa,Mombasa Sub-South,5,467.39049409531435,26.243200199532644,1648,40.67559238946146,Inorganic,Hybrid,Mechanized,Severe,2.314704738463774,24,Long Rains,2022,7.0
Central,Murang'a,Murang'a Sub-North,5,714.9423436001273,24.146264105384997,2196,48.523415207665515,Mixed,Indigenous,Mechanized,Low,2.2830169289635944,8,Long Rains,2022,7.0
Nyanza,Homa Bay,Homa Bay Sub-West,4,681.0062304052691,25.150351871336916,2172,29.469431846604976,Organic,GMO,Manual,Severe,2.328294450206016,1,Short Rains,2023,7.0
Central,Murang'a,Murang'a Sub-West,4,567.1381524251016,24.206374862164687,1226,65.03127824885614,Inorganic,GMO,Mechanized,None,2.7585984172695066,22,Long Rains,2022,7.0
Eastern,Kitui,Kitui Sub-West,2,611.9018406053975,19.949361819533088,1867,32.99276607369676,Organic,Indigenous,Mechanized,None,2.0704560288179654,12,Long Rains,2023,7.0
Nyanza,Siaya,Siaya Sub-South,3,592.2627608667227,23.030038453188578,1170,71.17814778341791,Organic,Indigenous,Manual,Low,2.224544408722573,23,Short Rains,2023,7.0
Eastern,Embu,Embu Sub-North,5,671.8185725707934,23.876951477619453,1174,50.294249865409846,Mixed,Indigenous,Mechanized,Low,2.3811524376551794,6,Short Rains,2022,7.0
Western,Bungoma,Bungoma Sub-North,4,411.2175160749647,21.54973381296728,1664,51.527844428929804,Inorganic,Hybrid,Mechanized,None,3.274510075747594,20,Long Rains,2021,7.0
Eastern,Embu,Embu Sub-North,4,791.9000893218606,26.764723717026957,1972,61.7946906482067,Organic,Hybrid,Manual,Moderate,2.8351099486386695,8,Short Rains,2022,7.0
Eastern,Kitui,Kitui Sub-North,5,552.8140405566536,22.20494035808908,1615,48.45117859776429,Inorganic,GMO,Manual,Severe,1.6784055944229164,15,Long Rains,2022,7.0
Coast,Mombasa,Mombasa Sub-North,2,555.7274947815338,23.30323765472126,1630,50.38140053917452,Organic,Hybrid,Manual,Moderate,2.768545416530572,28,Short Rains,2022,7.0
Coast,Kwale,Kwale Sub-South,4,532.9163963266506,24.259399705425167,2113,44.37205429514094,Mixed,Indigenous,Mechanized,None,2.341142451621883,26,Long Rains,2023,7.0
Rift Valley,Nakuru,Nakuru Sub-South,3,686.474469164084,24.8068980721822,1862,50.909132535123995,Inorganic,Hybrid,Manual,Severe,1.914991174700544,17,Short Rains,2022,7.0
Eastern,Machakos,Machakos Sub-South,4,584.8586769889716,23.832922889512282,2461,64.81001774883653,Mixed,GMO,Mechanized,None,2.4620244881787388,9,Short Rains,2021,7.0
Eastern,Embu,Embu Sub-South,3,711.394863321566,22.990350756189738,1360,61.59520043380717,Organic,Hybrid,Mechanized,None,1.9554599419260978,18,Short Rains,2021,7.0
Central,Murang'a,Murang'a Sub-East,4,703.5583287622973,21.42864080677601,1735,80.35409328844459,Inorganic,Hybrid,Manual,Severe,2.503399922279999,5,Short Rains,2022,7.0
Coast,Kilifi,Kilifi Sub-East,4,618.4652775904601,23.563470127658746,1301,73.52508914045187,Organic,Hybrid,Manual,None,2.2181499124710493,6,Short Rains,2021,7.0
Central,Murang'a,Murang'a Sub-North,1,457.6042847549855,22.46669534153117,2258,37.4196571444416,Mixed,GMO,Mechanized,Moderate,2.7014108605414884,11,Long Rains,2022,7.0
Rift Valley,Uasin Gishu,Uasin Gishu Sub-North,3,637.1094051313922,23.09592289196309,2162,54.977657948877734,Mixed,GMO,Manual,Severe,2.9116144391734116,23,Long Rains,2022,7.0
Coast,Kilifi,Kilifi Sub-North,3,618.9706167610395,21.67603564440678,1153,37.663526341177054,Inorganic,Hybrid,Manual,Moderate,3.1584794183433518,17,Short Rains,2022,7.0
Western,Bungoma,Bungoma Sub-West,4,657.2092778404922,22.830220362995295,2375,31.350141073908517,Inorganic,Indigenous,Manual,None,1.971264403902095,11,Long Rains,2021,7.0
Central,Nyeri,Nyeri Sub-South,4,504.3563623181991,23.944812555760755,1753,49.90472664840697,Organic,Indigenous,Manual,Moderate,3.281127565975211,9,Long Rains,2021,7.0
Nyanza,Siaya,Siaya Sub-North,3,654.6522630972039,24.789155358487513,2278,18.250043586545,Inorganic,Indigenous,Mechanized,Moderate,1.8747961330151413,28,Long Rains,2023,7.0
Nyanza,Siaya,Siaya Sub-South,3,606.0321914532972,20.35345795378979,1943,47.6926095920245,Mixed,GMO,Mechanized,Moderate,2.063535161630217,25,Short Rains,2021,7.0
Western,Bungoma,Bungoma Sub-West,2,578.2226417608114,22.985599908419328,1600,59.225452906584785,Mixed,GMO,Mechanized,None,2.175313480839287,20,Long Rains,2023,7.0
Central,Murang'a,Murang'a Sub-West,2,591.5437000856192,21.655443455624802,1717,68.67032069547645,Inorganic,GMO,Mechanized,Low,1.5419164101670606,18,Long Rains,2023,7.0
Rift Valley,Baringo,Baringo Sub-North,3,673.0764119066524,23.02854613567287,2064,35.690908709050326,Organic,Hybrid,Manual,None,2.6069519341007408,13,Long Rains,2022,7.0
Eastern,Machakos,Machakos Sub-South,3,563.5450853464977,20.076887645498367,2279,79.64660876773229,Mixed,GMO,Mechanized,Severe,1.7178791941444742,3,Long Rains,2023,7.0
Nyanza,Kisumu,Kisumu Sub-West,2,552.6428766228692,22.564095893462706,1326,33.34021705625471,Inorganic,GMO,Mechanized,Severe,2.3420206367771748,14,Short Rains,2021,7.0
Coast,Kwale,Kwale Sub-East,2,587.2450879622465,26.022309860494694,2422,28.719371936787898,Organic,Hybrid,Manual,Low,2.6068229407562358,8,Long Rains,2022,7.0
Coast,Mombasa,Mombasa Sub-North,1,497.37803612549726,22.267536921363476,1474,56.658203453261535,Inorganic,Indigenous,Manual,None,1.1978930716864329,24,Long Rains,2023,7.0
Western,Busia,Busia Sub-West,1,689.9435040755722,24.489168054399357,1535,35.717317898909755,Organic,Indigenous,Mechanized,Moderate,2.711327532750802,25,Long Rains,2021,7.0
Western,Kakamega,Kakamega Sub-South,4,595.1190411894631,23.73696720667399,1862,47.30734305887732,Organic,Indigenous,Mechanized,None,2.673838241769168,25,Long Rains,2023,7.0
Western,Kakamega,Kakamega Sub-East,5,535.017852185918,23.26791981433129,2349,39.027298941555046,Organic,GMO,Manual,Moderate,1.9884022443408527,29,Short Rains,2022,7.0
Nyanza,Kisumu,Kisumu Sub-North,3,583.7473871870101,25.213980825957005,1419,36.391099298583164,Mixed,GMO,Manual,Moderate,2.833156250454606,23,Long Rains,2022,7.0
Nyanza,Siaya,Siaya Sub-North,4,685.3724672257277,23.472651805455552,1868,62.95394988869886,Organic,Hybrid,Manual,None,2.7898216146613235,14,Long Rains,2023,7.0
Western,Kakamega,Kakamega Sub-East,2,517.5941158460988,24.4107304204569,1309,38.73310914610332,Organic,Indigenous,Mechanized,Low,3.3694498318987893,27,Long Rains,2021,7.0
Coast,Kilifi,Kilifi Sub-East,5,749.7368970934125,21.990895125831564,1031,57.20456979519948,Organic,Indigenous,Manual,Moderate,2.2153081499259364,9,Long Rains,2023,7.0
Central,Murang'a,Murang'a Sub-South,1,460.4666273747204,18.518652427160504,1435,45.59305024788809,Inorganic,Hybrid,Manual,Low,2.037751395372198,5,Long Rains,2022,7.0
Central,Kiambu,Kiambu Sub-South,4,603.3327925665802,21.087646233700706,1562,59.10084588704274,Mixed,GMO,Mechanized,None,2.4084016906398062,24,Long Rains,2021,7.0
Central,Kiambu,Kiambu Sub-North,4,562.1704725738788,22.16444040513644,2441,64.13357227246043,Organic,GMO,Manual,Moderate,2.232020427295354,13,Long Rains,2023,7.0
Central,Murang'a,Murang'a Sub-South,1,664.1815530241691,20.772293800797733,1244,56.59251845930339,Mixed,Hybrid,Manual,None,2.889468251756057,12,Long Rains,2022,7.0
Central,Nyeri,Nyeri Sub-North,3,787.6173413227712,19.239113889750325,2497,57.397580048025816,Inorganic,Indigenous,Manual,Moderate,2.727091583594919,4,Long Rains,2022,7.0
Coast,Kwale,Kwale Sub-South,3,570.6033052335818,22.856801496283865,2442,49.09566512912582,Mixed,Hybrid,Manual,Low,2.7273975848211904,4,Short Rains,2021,7.0
Coast,Mombasa,Mombasa Sub-West,2,892.3355617319088,23.612819709970424,2191,77.63718566850817,Organic,Hybrid,Manual,Severe,2.5035315793140884,27,Short Rains,2021,7.0
Central,Nyeri,Nyeri Sub-West,1,496.30489940250584,22.903587837025874,2263,53.65455570541282,Mixed,GMO,Manual,Moderate,3.1933790330655767,12,Short Rains,2023,7.0
Nyanza,Siaya,Siaya Sub-West,1,569.7044462015683,24.160106496896283,1427,65.16614686326618,Organic,Hybrid,Mechanized,None,2.846739455956997,19,Long Rains,2021,7.0
Rift Valley,Uasin Gishu,Uasin Gishu Sub-South,4,521.797613489256,23.00552367176787,2229,66.67367985697952,Inorganic,Hybrid,Manual,None,3.467352999216695,16,Long Rains,2022,7.0
Western,Busia,Busia Sub-East,4,610.1860706379853,21.67443039701653,1112,42.55542903567074,Organic,GMO,Mechanized,None,2.4726936629709537,5,Long Rains,2022,7.0
Eastern,Embu,Embu Sub-West,4,724.9780701403606,19.9698093140887,2120,65.13597944070992,Organic,Hybrid,Manual,None,2.407285266173463,5,Short Rains,2023,7.0
Central,Nyeri,Nyeri Sub-South,5,429.26420424070534,20.766951120102682,2473,68.53717430010408,Inorganic,Indigenous,Mechanized,Low,2.248459730447672,1,Short Rains,2023,7.0
Nyanza,Homa Bay,Homa Bay Sub-West,5,738.7257411052595,25.293247833123853,1214,44.60347031316371,Inorganic,Indigenous,Mechanized,Low,1.8369761569589809,22,Short Rains,2021,7.0
Nyanza,Homa Bay,Homa Bay Sub-North,3,583.1906534034756,23.809828197918257,1321,49.364965127026444,Organic,GMO,Mechanized,Moderate,3.2567989873263894,26,Long Rains,2021,7.0
Rift Valley,Uasin Gishu,Uasin Gishu Sub-West,4,465.32375912362363,23.74896129281689,2227,52.605149692077894,Mixed,Hybrid,Mechanized,None,2.149331404198643,2,Long Rains,2023,7.0
Western,Busia,Busia Sub-North,1,587.1958293725389,24.89689269972307,1021,30.710678394277608,Inorganic,Hybrid,Manual,None,2.6428449001335994,27,Long Rains,2022,7.0
Rift Valley,Baringo,Baringo Sub-East,1,545.3319915412735,22.456689779347894,2131,36.71068530058106,Mixed,Indigenous,Mechanized,None,2.4544128832407184,2,Short Rains,2021,7.0
Rift Valley,Baringo,Baringo Sub-North,1,701.3675740543863,19.85004106113395,1099,63.89093566717949,Mixed,GMO,Manual,Moderate,3.5776663740953087,27,Short Rains,2021,7.0
Central,Kiambu,Kiambu Sub-North,2,655.1476275239523,23.681178432800994,1890,58.96597562170436,Inorganic,Indigenous,Mechanized,Severe,3.1499870233628764,25,Long Rains,2022,7.0
Rift Valley,Baringo,Baringo Sub-West,2,549.911855869792,24.242437093878095,2160,47.55680633810839,Mixed,Indigenous,Manual,None,2.786028720857072,4,Short Rains,2022,7.0
Central,Nyeri,Nyeri Sub-North,3,675.7905396111012,25.918214314603958,1927,37.03413393628729,Inorganic,Indigenous,Mechanized,Severe,2.4295360428611903,27,Long Rains,2021,7.0
Central,Murang'a,Murang'a Sub-West,2,629.7127352119404,17.360138135993157,1914,58.73672186982247,Mixed,Indigenous,Mechanized,Severe,3.3747919521027105,25,Long Rains,2023,7.0
Nyanza,Kisumu,Kisumu Sub-East,3,721.9503568712245,25.072403664263444,1038,54.4133619352024,Mixed,Hybrid,Mechanized,Low,2.382796099841839,20,Short Rains,2021,7.0
Western,Bungoma,Bungoma Sub-West,3,512.9482894152311,26.41002829441406,2337,45.487950316746065,Mixed,Hybrid,Manual,Moderate,3.297804911505474,16,Long Rains,2023,7.0
Nyanza,Siaya,Siaya Sub-North,5,676.8179564462847,22.333656670338147,1638,28.993706595038486,Mixed,GMO,Mechanized,None,2.6033873899172084,10,Short Rains,2023,7.0
Coast,Kilifi,Kilifi Sub-South,3,609.2540615493623,22.21278112530281,1508,72.04698389415933,Mixed,GMO,Mechanized,None,3.036489023883006,17,Short Rains,2023,7.0
Nyanza,Homa Bay,Homa Bay Sub-West,2,557.9604877638372,25.725234053226735,1362,65.81999868153144,Mixed,Indigenous,Mechanized,Low,2.718040977563625,8,Long Rains,2021,7.0
Nyanza,Homa Bay,Homa Bay Sub-East,1,523.3343412216652,21.90088572818284,2162,62.89381830469703,Organic,GMO,Manual,Moderate,1.8542444494520973,22,Long Rains,2023,7.0
Eastern,Embu,Embu Sub-East,5,530.9613373861324,23.008186015350912,1821,64.68386010298136,Organic,GMO,Mechanized,Severe,1.99674335364521,6,Long Rains,2021,7.0
Eastern,Machakos,Machakos Sub-East,1,681.3205186747978,22.442074139336384,1644,45.80359747256249,Organic,Indigenous,Manual,Severe,2.92802961174852,15,Short Rains,2022,7.0
Nyanza,Siaya,Siaya Sub-East,2,530.564202926662,23.659958921913713,1068,78.04422995756775,Mixed,Indigenous,Mechanized,Moderate,1.5071689218003423,25,Long Rains,2022,7.0
Coast,Mombasa,Mombasa Sub-South,4,467.75420432564295,23.963732123436984,2334,58.2089719606695,Inorganic,GMO,Mechanized,Moderate,2.8078503646812765,5,Long Rains,2023,7.0
Eastern,Kitui,Kitui Sub-North,1,485.446178200108,20.273254750557683,2385,36.49029322658487,Inorganic,Indigenous,Mechanized,Severe,2.1163564548874003,17,Short Rains,2021,7.0
Coast,Kwale,Kwale Sub-West,3,514.8593565739686,23.350422837817025,1661,94.77888503905115,Mixed,Hybrid,Manual,Moderate,3.2237934622562143,23,Short Rains,2021,7.0
Central,Nyeri,Nyeri Sub-East,1,617.4817768808778,23.329310310717137,1413,80.84815347244312,Inorganic,Indigenous,Mechanized,Low,1.9345557823370423,29,Long Rains,2023,7.0
Coast,Kwale,Kwale Sub-South,3,493.4300282644558,21.465964946196,2068,72.16522816906517,Organic,Indigenous,Mechanized,Severe,2.9879083596723546,18,Short Rains,2023,7.0
Western,Bungoma,Bungoma Sub-South,2,637.4278180481145,19.322986336394898,2437,45.78470529092621,Organic,Indigenous,Mechanized,Severe,2.7124830581237727,10,Short Rains,2023,7.0
Eastern,Machakos,Machakos Sub-North,1,783.3922652193784,22.49031632389196,2034,44.93707571225209,Inorganic,GMO,Manual,Severe,1.8111912496228815,15,Short Rains,2022,7.0
Western,Kakamega,Kakamega Sub-South,5,644.8689768338907,26.112098878954114,1362,18.61839155562164,Mixed,Indigenous,Manual,Severe,3.206417028384946,1,Short Rains,2022,7.0
Central,Nyeri,Nyeri Sub-East,5,638.9614177370904,21.263414536247268,1945,58.01943629183653,Organic,GMO,Manual,Low,2.7650956536714557,1,Long Rains,2021,7.0
Central,Murang'a,Murang'a Sub-North,4,654.8878843818957,27.43840254392356,1204,49.36697908531935,Inorganic,Hybrid,Mechanized,Moderate,3.4657195755635284,29,Long Rains,2022,7.0
Nyanza,Siaya,Siaya Sub-South,4,559.1899160839779,21.00836921041954,2348,59.76704362735485,Organic,Indigenous,Manual,Severe,2.874544922126535,26,Short Rains,2023,7.0
Coast,Kilifi,Kilifi Sub-West,5,331.5211952882508,23.51914712296044,1528,56.28297121113471,Inorganic,Indigenous,Manual,None,2.9319399108344184,3,Short Rains,2022,7.0
Western,Bungoma,Bungoma Sub-South,4,695.8476527604755,20.807195027697198,1024,62.57355319356711,Organic,GMO,Manual,None,2.957708510615137,24,Long Rains,2023,7.0
Central,Kiambu,Kiambu Sub-East,2,637.2105472606863,23.77831839133586,1335,44.81910267994929,Inorganic,Indigenous,Mechanized,Moderate,2.362550621057192,22,Long Rains,2021,7.0
Central,Nyeri,Nyeri Sub-North,5,743.0155636559878,23.667455727123745,1428,45.53583556824958,Mixed,GMO,Manual,Low,2.337044343649903,14,Long Rains,2021,7.0
Western,Bungoma,Bungoma Sub-East,5,723.7438134684139,22.08539668982642,1434,36.544303540321174,Inorganic,Hybrid,Manual,None,2.163476577436494,8,Long Rains,2022,7.0
Coast,Kilifi,Kilifi Sub-West,4,694.0696143822682,23.992329811195873,1731,50.664019600236706,Organic,GMO,Manual,Moderate,2.680339587846498,18,Long Rains,2021,7.0
Nyanza,Homa Bay,Homa Bay Sub-South,3,720.0078956426861,22.016195104987588,1334,48.994892870847345,Organic,Indigenous,Mechanized,Moderate,2.214312889275044,3,Long Rains,2021,7.0
Central,Kiambu,Kiambu Sub-South,2,452.90912428124017,22.626456171609416,1842,40.7358622729882,Organic,Hybrid,Mechanized,Severe,3.144698431715012,27,Short Rains,2022,7.0
Nyanza,Kisumu,Kisumu Sub-South,3,711.0117606666317,22.190791709773713,2279,46.97762699078723,Inorganic,Hybrid,Manual,Low,2.496739342385271,28,Short Rains,2021,7.0
Coast,Kwale,Kwale Sub-East,1,542.0947452052746,25.870871571678705,2391,16.859725912649843,Inorganic,Hybrid,Manual,Moderate,2.875565423902925,26,Short Rains,2023,7.0
Coast,Kwale,Kwale Sub-South,3,666.8649860160592,21.16398247555639,1570,43.354339683072766,Mixed,GMO,Mechanized,Low,2.2602535163003785,28,Long Rains,2022,7.0
Western,Bungoma,Bungoma Sub-East,4,564.8175827662778,24.278539075713834,1857,28.006882536557526,Mixed,GMO,Mechanized,None,2.595317795632512,22,Short Rains,2023,7.0
Western,Kakamega,Kakamega Sub-South,3,520.687465483285,25.12162737251078,2468,35.18253978619302,Organic,Indigenous,Manual,Moderate,2.966616224157817,8,Long Rains,2021,7.0
Rift Valley,Nakuru,Nakuru Sub-North,3,635.3127237997877,25.067850286171115,1733,54.280172606648776,Mixed,GMO,Mechanized,Low,2.5078091669748015,15,Long Rains,2022,7.0
Western,Kakamega,Kakamega Sub-North,1,807.7379995591243,25.842565965905,2201,67.3382762628905,Mixed,Indigenous,Mechanized,Low,2.289530557153858,18,Long Rains,2021,7.0
Rift Valley,Nakuru,Nakuru Sub-South,4,654.3379568944757,26.261335554475128,1194,86.29687599515694,Organic,Hybrid,Mechanized,Low,2.5859196698967657,1,Short Rains,2022,7.0
Nyanza,Homa Bay,Homa Bay Sub-South,1,729.7421421289704,23.228693782607376,2401,63.47422784042061,Mixed,GMO,Manual,Low,1.8568329266585257,7,Long Rains,2023,7.0
Western,Bungoma,Bungoma Sub-South,4,476.74766852314906,24.104599875359046,1886,59.38446400469002,Inorganic,GMO,Manual,None,2.025287836637118,28,Long Rains,2022,7.0
Rift Valley,Baringo,Baringo Sub-West,4,581.0604859252786,20.025532264507515,1533,55.244750709495406,Inorganic,Indigenous,Manual,Low,1.7175986143189723,24,Short Rains,2023,7.0
Western,Bungoma,Bungoma Sub-East,2,647.0514761760802,20.284355075924893,1454,45.16152823847034,Organic,Indigenous,Mechanized,Low,2.265425484987095,22,Short Rains,2022,7.0
Nyanza,Homa Bay,Homa Bay Sub-East,1,844.9459798958101,20.64739348615346,2423,34.74975307135254,Inorganic,Indigenous,Mechanized,Severe,2.3779597631628993,20,Short Rains,2023,7.0
Eastern,Machakos,Machakos Sub-South,3,596.312043865621,22.527527737004167,1597,42.07949242155043,Mixed,Indigenous,Manual,None,3.167451623921722,23,Long Rains,2023,7.0
Rift Valley,Baringo,Baringo Sub-South,4,638.6808520689202,25.181960850371933,2378,48.077217956213495,Organic,Hybrid,Manual,Severe,2.829860599828197,29,Short Rains,2022,7.0
Western,Bungoma,Bungoma Sub-East,5,775.4775544846584,26.537543566518842,1938,42.61784727205996,Inorganic,Hybrid,Manual,Moderate,3.32577313459612,23,Short Rains,2023,7.0
Coast,Kilifi,Kilifi Sub-East,4,636.7649292991422,18.799946984696753,2338,12.242852868556326,Mixed,Indigenous,Manual,Severe,1.8211045523710616,18,Short Rains,2021,7.0
Western,Busia,Busia Sub-East,2,654.9315644558228,24.38361964366746,1287,73.96059184928772,Mixed,Indigenous,Manual,Severe,3.477078716875143,23,Long Rains,2022,7.0
Eastern,Machakos,Machakos Sub-East,5,620.2054616025646,24.304777432487132,2366,66.69419795310804,Organic,GMO,Manual,Moderate,3.0388256547645716,9,Short Rains,2023,7.0
Nyanza,Kisumu,Kisumu Sub-West,4,525.1453865379262,24.500573820161897,1192,58.98847920669449,Organic,GMO,Mechanized,Severe,2.7814404300871773,22,Short Rains,2023,7.0
Coast,Kilifi,Kilifi Sub-North,5,467.9176226121043,27.472567301591972,1429,57.846185060035914,Organic,GMO,Manual,Low,3.165433590183584,11,Short Rains,2023,7.0
Coast,Mombasa,Mombasa Sub-East,2,394.965167843755,24.179219093384056,2179,54.00368114734091,Organic,GMO,Manual,Low,1.2352199611528485,13,Short Rains,2021,7.0
Rift Valley,Baringo,Baringo Sub-South,1,718.4172527660146,23.59954912744313,2461,76.33213547473235,Organic,Indigenous,Mechanized,Severe,3.2865098626074283,8,Long Rains,2023,7.0
Central,Nyeri,Nyeri Sub-East,5,675.5925191643794,23.413292876196678,1438,61.07736248909511,Mixed,Indigenous,Mechanized,Low,2.6659712783334317,7,Short Rains,2022,7.0
Eastern,Machakos,Machakos Sub-West,1,644.1775996588731,23.002923668382966,1951,59.442943763327165,Organic,GMO,Manual,None,2.0978421201700037,24,Short Rains,2022,7.0
Rift Valley,Nakuru,Nakuru Sub-West,1,536.3474276824397,24.732639900524113,1824,74.11461381674326,Inorganic,Indigenous,Mechanized,None,3.0962482795157356,14,Long Rains,2022,7.0
Eastern,Kitui,Kitui Sub-South,3,548.3570356112428,22.607066833143804,2291,55.14600513388903,Organic,GMO,Mechanized,Moderate,2.6542250541657575,29,Short Rains,2023,7.0
Western,Bungoma,Bungoma Sub-North,2,525.3421653459761,22.646451673768436,2381,26.7707255170438,Mixed,GMO,Manual,Moderate,3.1159922356348178,5,Short Rains,2021,7.0
Coast,Kwale,Kwale Sub-West,4,429.77867339199884,22.07436862732098,1359,58.14944996123436,Mixed,Hybrid,Manual,Moderate,1.8910381866174437,29,Short Rains,2023,7.0
Coast,Kilifi,Kilifi Sub-East,5,564.8078682183491,21.460007867605086,1636,30.558250036251582,Inorganic,Hybrid,Mechanized,Severe,2.9255346070103068,5,Long Rains,2021,7.0
Eastern,Embu,Embu Sub-North,2,751.2016000005722,22.768215877277736,2151,55.24700036851861,Mixed,GMO,Manual,Low,1.9979727015789948,16,Short Rains,2023,7.0
Western,Bungoma,Bungoma Sub-South,5,589.8961223118077,23.626099419826293,1824,49.43510084711839,Inorganic,GMO,Mechanized,Moderate,2.001829158913098,2,Short Rains,2021,7.0
Coast,Kilifi,Kilifi Sub-East,4,773.8851351853332,22.357514467764176,1687,53.271132629790856,Mixed,GMO,Mechanized,Severe,2.5104736827625715,17,Long Rains,2023,7.0
Coast,Kilifi,Kilifi Sub-North,3,680.5890228547826,25.447706397147456,1848,52.0523274450694,Inorganic,GMO,Mechanized,Moderate,2.5082746994545566,13,Short Rains,2023,7.0
Central,Kiambu,Kiambu Sub-West,4,594.7595549422531,26.408211032510984,2451,66.36085379224751,Mixed,GMO,Manual,Moderate,3.1452577094352794,25,Short Rains,2023,7.0
Nyanza,Homa Bay,Homa Bay Sub-West,2,705.443165497326,21.94767529290502,1344,20.535612166465803,Inorganic,GMO,Manual,None,2.962699045398362,13,Long Rains,2022,7.0
Nyanza,Kisumu,Kisumu Sub-West,5,790.4136589573006,26.251917830724125,1269,31.500967605546847,Inorganic,Indigenous,Manual,None,2.8303616972318744,7,Short Rains,2023,7.0
Central,Murang'a,Murang'a Sub-South,2,617.0531860387999,21.660536335023213,1119,43.98396999615368,Inorganic,Indigenous,Manual,None,2.2055665866306517,28,Short Rains,2022,7.0
Nyanza,Homa Bay,Homa Bay Sub-West,2,342.611788493558,22.4912464483889,1719,55.705721723244665,Organic,GMO,Manual,Severe,2.4045793406783247,8,Short Rains,2022,5.94
Coast,Mombasa,Mombasa Sub-North,2,693.2290085066279,21.614031605337,1905,62.011220319849485,Organic,Indigenous,Mechanized,Severe,2.141040554626199,17,Long Rains,2023,7.0
Western,Bungoma,Bungoma Sub-South,2,651.9614459847802,26.256691918782725,1307,33.46561775245365,Organic,Hybrid,Mechanized,None,2.840679755221474,21,Long Rains,2021,7.0
Central,Nyeri,Nyeri Sub-West,5,653.8919185143734,23.592369609462025,1275,55.628254357357434,Organic,Indigenous,Mechanized,Low,1.8403390431101185,4,Long Rains,2022,7.0
Nyanza,Kisumu,Kisumu Sub-South,1,391.29729813979316,21.8307645386856,2296,35.00370798367803,Mixed,GMO,Mechanized,Moderate,2.108238907932309,27,Short Rains,2022,6.62
Central,Kiambu,Kiambu Sub-East,2,526.7107114272774,22.860843582157546,1155,63.3498134332565,Mixed,GMO,Manual,Severe,2.1965674110714124,2,Short Rains,2021,7.0
Rift Valley,Uasin Gishu,Uasin Gishu Sub-East,1,607.997649477807,26.22358118262479,2309,67.57493467670825,Mixed,Indigenous,Mechanized,Moderate,2.3173320234937647,13,Short Rains,2023,7.0
Western,Kakamega,Kakamega Sub-North,1,675.0278144199515,23.262838688082702,2490,43.887842428777056,Organic,GMO,Manual,Moderate,2.8841036083158684,10,Long Rains,2021,7.0
Nyanza,Siaya,Siaya Sub-East,3,556.7099181214853,23.628897834703924,1383,50.84504430218181,Organic,Hybrid,Manual,Moderate,2.2439271338259332,20,Short Rains,2022,7.0
Coast,Mombasa,Mombasa Sub-North,3,675.7393468977389,21.704735772822918,1139,33.147063186290076,Organic,GMO,Manual,None,2.2150835358806207,25,Short Rains,2021,7.0
Rift Valley,Baringo,Baringo Sub-South,2,688.1071573622613,26.11200114367841,2065,71.43675527826547,Organic,GMO,Manual,Severe,2.192524780925832,11,Short Rains,2022,7.0
Central,Murang'a,Murang'a Sub-South,1,660.588554795727,25.25542401638976,1423,52.67885776089204,Inorganic,GMO,Mechanized,Severe,2.4122180272503924,18,Long Rains,2022,7.0
Coast,Mombasa,Mombasa Sub-East,3,712.1905710982135,21.363192138942633,1498,73.00782411548262,Organic,Hybrid,Mechanized,None,2.568922252440392,3,Long Rains,2022,7.0
Central,Nyeri,Nyeri Sub-South,2,534.3315209889889,20.53412729201834,1103,34.952302536158,Mixed,GMO,Mechanized,Moderate,2.441885478439021,17,Short Rains,2023,7.0
Coast,Kwale,Kwale Sub-East,1,490.4566542705413,24.092147026274223,2051,54.97012470169011,Organic,Hybrid,Mechanized,None,2.766700425618781,26,Short Rains,2023,7.0
Nyanza,Kisumu,Kisumu Sub-South,5,664.9120140059937,26.885336248323007,1976,42.739144710083025,Mixed,Indigenous,Mechanized,Moderate,2.938023396264897,14,Short Rains,2021,7.0
Nyanza,Kisumu,Kisumu Sub-South,1,533.5775818646775,24.763199491956417,1795,37.69734681430962,Inorganic,Indigenous,Manual,Low,1.8743108767863037,8,Long Rains,2023,7.0
Nyanza,Siaya,Siaya Sub-North,3,602.780291573994,22.849240775154467,1922,60.519384901283495,Inorganic,Indigenous,Manual,Severe,1.9522995484953816,14,Short Rains,2023,7.0
Rift Valley,Baringo,Baringo Sub-East,4,684.9010913276553,22.789526063837464,2273,53.9644673296315,Organic,Indigenous,Manual,None,2.862599736336592,8,Short Rains,2021,7.0
Nyanza,Siaya,Siaya Sub-North,5,616.6661687057323,24.13217196548843,1463,60.48520430019508,Organic,Indigenous,Manual,Moderate,2.402160720561524,9,Long Rains,2022,7.0
